date,VXX,Euro Spot - Last Price (R1),US TSA Checkpoint Numbers Total Traveler Throughput - Last Price (R1),Bloomberg United States Financial Conditions Index - Last Price (R2),CBOE Equity Put/Call Ratio - Last Price (R1),US Put Call Ratio Composite - Last Price (L1),Bloomberg Cumulative Advance-Decline Line for S&P 500 - Last Price (R1),McClellans Advances - Declines US Index Summation - Last Price (R1),S&P 500 Composite Volume Index - Last Price (R1),Cboe Realized Volatility Index - Last Price (R1),Cboe Implied Correlation Index - Last Price (R1),Base Metals Spot Price Index - Last Price (R1)
1/2/2019,182.96,1.13,2345103,-0.49,0.67,1.09,60898,-2079.53,2211.24,28.29,42.8,173.22
1/3/2019,190.56,1.14,2202111,-0.63,0.73,1.13,60571,-1983.52,2742.93,29.55,44.5,172.33
1/4/2019,175.44,1.14,2150571,-0.36,0.59,0.86,61043,-1763.72,2650.76,31.5,43.01,174.4
1/7/2019,171.52,1.15,2044043,-0.28,0.6,0.79,61321,-1475.93,2514.97,29.5,41.84,175.01
1/8/2019,168.04,1.14,1733739,-0.13,0.63,0.84,61643,-1135.33,2455.76,29.64,41.5,174.81
1/9/2019,164.08,1.15,1739642,-0.07,0.59,0.93,61837,-781.14,2456.82,28.63,40.67,176.14
1/10/2019,162.36,1.15,1955200,-0.07,0.65,1.05,62092,-436.41,2327.3,28.66,39.81,175.03
1/11/2019,157.08,1.15,1959788,-0.01,0.77,0.94,62159,-114.78,2061.46,28.66,39.62,174.88
1/14/2019,157.52,1.15,1886642,-0.06,0.65,1.08,61996,127.34,2237.17,28.66,39.76,173.26
1/15/2019,150.68,1.14,1605758,0.02,0.7,0.94,62252,379.77,2297.81,28.93,38.93,174.25
1/16/2019,153.72,1.14,1786012,0.01,0.6,1,62344,633.69,2408.98,28.18,39.56,175.66
1/17/2019,152,1.14,2139242,0.06,0.52,0.79,62705,914.68,2448.11,27.35,38.72,175
1/18/2019,148.24,1.14,2271398,0.13,0.54,0.8,63122,1227.55,2615.92,27.71,40.74,178.28
1/22/2019,161.28,1.14,1804629,-0.04,0.64,1.06,62777,1412.76,2582.59,27.6,44.03,177.82
1/23/2019,160.4,1.14,1763884,-0.02,0.64,1.09,62776,1566.41,2236.49,27.04,43.01,178.04
1/24/2019,154.72,1.13,1991328,0,0.72,0.95,62921,1746.99,2429.28,26.02,39.44,177.1
1/25/2019,148.92,1.14,2052814,0.12,0.51,0.8,63236,1976.81,2492.12,24.61,40.09,178.29
1/28/2019,155.08,1.14,1862420,0.04,0.76,1.07,63098,2154.57,2290.82,18.4,40.55,180.17
1/29/2019,154.64,1.14,1534386,0.1,0.68,0.91,63128,2318.98,2132.03,18.18,40.57,179.9
1/30/2019,147.84,1.15,1593697,0.18,0.63,0.84,63438,2541.4,2532.68,18.94,38.71,181.47
1/31/2019,141.72,1.14,1938817,0.21,0.53,0.8,63616,2779.07,3364.81,18.92,35.87,183.35
2/1/2019,140.36,1.15,2078169,0.5,0.6,0.98,63681,2994.48,2427.15,18.91,36.97,182.64
2/4/2019,136,1.14,2001482,0.53,0.6,0.82,63893,3220.14,2064.89,16.91,36.32,182.34
2/5/2019,134.84,1.14,1655868,0.57,0.56,0.82,64071,3440.47,2148.31,12.31,37.39,184.98
2/6/2019,134.12,1.14,1756152,0.6,0.64,0.87,64000,3587.1,2048.12,12.05,36.47,184.8
2/7/2019,138.6,1.13,2064640,0.52,0.7,0.95,63824,3644.44,2446.89,12.16,37.32,184.36
2/8/2019,136.92,1.13,2134744,0.53,0.61,1,63877,3674.78,2207.98,12.03,36.31,183.78
2/11/2019,135.44,1.13,2055827,0.59,0.6,0.79,64000,3733.21,1970.07,11.95,36.58,181.94
2/12/2019,133,1.13,1620239,0.49,0.57,0.76,64327,3843.7,2280.12,12.71,35.75,180.91
2/13/2019,132.68,1.13,1950385,0.51,0.57,0.86,64506,3967.54,2134.76,12.61,36.17,180.6
2/14/2019,135.08,1.13,2227730,0.47,0.6,0.91,64400,4069.65,2135.7,12.03,36.87,181.58
2/15/2019,130.36,1.13,1922613,0.53,0.52,0.77,64784,4223.45,2382.34,12.55,34.61,181.65
2/19/2019,130.76,1.13,2022861,0.61,0.61,0.84,64874,4379.38,1979.6,12.33,33.58,182.75
2/20/2019,125.52,1.13,2351856,0.66,0.54,0.8,65022,4526.9,2128.86,11.51,31.63,184.89
2/21/2019,127.16,1.13,2415570,0.67,0.66,0.99,64898,4602.95,1977.46,10.53,31.42,186.19
2/22/2019,122.36,1.13,2331841,0.7,0.63,0.8,65178,4716.86,2081.65,10.75,29.85,188.77
2/25/2019,124.56,1.14,2160322,0.68,0.55,0.8,65155,4793.96,2293.48,10.75,30.98,189.8
2/26/2019,125.6,1.14,1861286,0.67,0.6,0.88,65043,4815.37,2026.58,10.38,32.58,188.29
2/27/2019,125.72,1.14,2015079,0.72,0.54,0.84,65080,4821.84,2049.51,10.05,32.4,190.23
2/28/2019,125.64,1.14,2307393,0.73,0.63,0.96,65070,4795.62,2490.69,10.09,32.76,190.85
3/1/2019,119.92,1.14,2301439,0.79,0.6,0.83,65306,4796.87,2244.59,8.85,29.14,191.69
3/4/2019,122.84,1.13,2143619,0.71,0.67,0.96,65144,4762.26,2228.56,8.5,30.61,188.29
3/5/2019,123.56,1.13,2402692,0.78,0.67,0.89,65003,4706.75,2110.23,8.51,31.68,190.36
3/6/2019,127.2,1.13,2543689,0.72,0.7,0.98,64696,4569.71,2078.82,8.42,34.24,190.1
3/7/2019,132.04,1.12,2156262,0.68,0.76,1.07,64401,4377.09,2256.87,8.78,35.59,188.4
3/8/2019,132.92,1.12,2485430,0.6,0.75,1.07,64316,4181.31,1965.2,8.8,35.61,186.55
3/11/2019,123.24,1.12,2187298,0.74,0.57,0.84,64751,4084.72,2044.37,9.57,32.8,187.02
3/12/2019,119.76,1.13,2503924,0.77,0.66,0.87,64937,4012.71,1995.68,9.64,31.71,189.32
3/13/2019,118.48,1.13,2634215,0.82,0.52,0.8,65189,3990.03,2160.45,9.91,31.25,190.2
3/14/2019,116.52,1.13,2274658,0.81,0.65,0.91,65166,3946.58,2046.98,8.92,30.97,188.73
3/15/2019,114.36,1.13,2545742,0.82,0.57,0.82,65324,3919.65,3713.44,8.96,31.19,187.81
3/18/2019,114.64,1.13,2320885,0.8,0.52,0.76,65476,3934.03,1997.56,9.01,31.99,188.9
3/19/2019,115.4,1.14,2513231,0.8,0.58,0.88,65371,3902.15,2193.81,8.22,32.44,190.03
3/20/2019,116.64,1.14,2559307,0.79,0.58,0.96,65171,3844.54,2285.24,8.28,32.5,190.64
3/21/2019,115.12,1.14,2227181,0.85,0.51,0.82,65562,3844.61,2303.11,9.06,31.34,190.67
3/22/2019,128.32,1.13,2542643,0.63,0.68,0.99,65206,3739.69,2476.41,11.12,37.96,187.67
3/25/2019,128.96,1.13,2273811,0.56,0.62,1,65228,3642.14,1922.33,10.87,37.13,186.25
3/26/2019,121.68,1.13,2487162,0.66,0.65,0.88,65586,3615.22,1912.95,11.14,35.57,186.98
3/27/2019,123.52,1.12,2538384,0.58,0.69,1,65404,3566.93,1914.88,11.24,36.46,188.15
3/28/2019,120.76,1.12,2172920,0.65,0.71,0.91,65655,3566.41,1767.32,11.31,34.36,188.82
3/29/2019,117.04,1.12,2510294,0.66,0.65,0.81,65926,3586.93,2172.04,11.49,33.32,191.05
4/1/2019,114.96,1.12,2151626,0.79,0.61,0.78,66204,3668.89,2058.03,11.95,31.8,191.17
4/2/2019,114.64,1.12,2411500,0.79,0.57,0.84,66170,3711.72,1872.13,11.88,,188.4
4/3/2019,115.44,1.12,2476884,0.8,0.52,0.84,66286,3759.98,2214.25,11.89,30.95,189.85
4/4/2019,114.28,1.12,2011715,0.82,0.59,0.79,66392,3832.2,1737.9,11.7,29.88,189.4
4/5/2019,112,1.12,2462929,0.88,0.59,0.81,66696,3943.43,1740.21,11.45,28.06,188.61
4/8/2019,111.48,1.13,2229276,0.85,0.68,0.72,66724,4027.36,1740.11,11.43,28.12,188.57
4/9/2019,115.44,1.13,2487398,0.82,0.58,0.95,66427,4010.69,1709.15,10.42,30.95,189.07
4/10/2019,112.2,1.13,2590499,0.83,0.62,0.84,66661,4050.24,1591.05,10.42,28.8,188.27
4/11/2019,110,1.13,2059142,0.86,0.67,0.88,66778,4081.54,1620.98,10.15,28.06,188.07
4/12/2019,105.04,1.13,2446801,0.95,0.54,0.7,67050,4133.16,2162.21,10.4,26.2,188.63
4/15/2019,103.68,1.13,2317381,0.93,0.57,0.81,66939,4150.32,1716.72,10.3,26.01,188.1
4/16/2019,102.84,1.13,2616158,0.99,0.58,0.8,66986,4159.89,2050.26,10.22,27.18,187.62
4/17/2019,103.56,1.13,2457133,0.95,0.55,0.8,66877,4125.42,2298.44,10.26,27.77,188.14
4/18/2019,101.92,1.12,1988205,0.95,0.62,0.9,66966,4077.18,2076.69,10.21,27.92,186.22
4/22/2019,101,1.13,2254209,0.99,0.6,0.79,66837,3994.99,1741.35,9.51,27.6,
4/23/2019,100.2,1.12,2526961,0.98,0.59,0.78,67164,3982.6,2142.9,7.43,26.48,186.38
4/24/2019,102.8,1.12,2521897,0.91,0.6,0.82,67178,3957.39,2022.32,7.46,27.54,185.79
4/25/2019,104.8,1.11,1990464,0.94,0.57,0.8,67063,3880,2081.7,7.05,28.52,184.84
4/26/2019,101.16,1.12,2506809,0.94,0.63,0.76,67327,3850.38,2079.05,7.05,28.4,185.31
4/29/2019,102.72,1.12,2256442,0.97,0.61,0.77,67304,3841,1843,6.96,29.33,184.73
4/30/2019,102.72,1.12,2499461,0.95,0.65,0.93,67453,3832.73,2351.03,6.6,30.74,185.64
5/1/2019,106.6,1.12,2546029,0.88,0.63,0.84,67117,3772.69,2219.35,5.79,34.18,183.44
5/2/2019,106.76,1.12,1968278,0.91,0.64,0.89,67182,3694.85,2134.53,5.84,32.88,180.76
5/3/2019,101.68,1.12,2512598,1,0.52,0.79,67520,3696.27,1874.33,6.6,29.56,180.26
5/6/2019,107.44,1.12,2270662,0.81,0.63,1.01,67295,3661,1854.59,6.71,32.22,
5/7/2019,125.32,1.12,2555342,0.62,0.68,1.07,66862,3524.24,2267.78,8.73,40.63,179.49
5/8/2019,122.84,1.12,2602631,0.69,0.66,0.98,66799,3385.14,1907.74,8.73,40.21,177.73
5/9/2019,122.2,1.12,1985942,0.64,0.7,1.13,66771,3231.63,2118.8,8.61,39.35,177.28
5/10/2019,112.76,1.12,2419114,0.71,0.8,1.1,66971,3134.13,2001.28,8.63,35.92,177.84
5/13/2019,129.8,1.12,2343675,0.52,0.79,1.16,66563,2940.14,2318.83,12.13,41.49,175.84
5/14/2019,122.6,1.12,2611324,0.66,0.7,0.97,66882,2841.08,1942.22,12.26,40.89,176.21
5/15/2019,117.44,1.12,2664549,0.67,0.77,1,67034,2795.22,1873.78,12.42,39.11,176.66
5/16/2019,112.4,1.12,2091116,0.76,0.66,0.97,67337,2803.54,1906.45,12.78,36.25,179.41
5/17/2019,114.08,1.12,2620276,0.78,0.81,1.09,67110,2731.64,1882.67,12.93,36.09,177.36
5/20/2019,115.76,1.12,2472123,0.7,0.65,0.99,66958,2614.2,1897.39,13.12,35.95,175.84
5/21/2019,109.92,1.12,2673635,0.79,0.57,0.88,67351,2591.37,1771.87,13.44,33.99,175.94
5/22/2019,108.88,1.12,2792670,0.75,0.72,1.01,67248,2527.95,1762.05,13.14,33.36,174.11
5/23/2019,116.08,1.12,2124825,0.58,0.8,1.18,66952,2386.03,2191.57,13.77,35.94,172.74
5/24/2019,113.68,1.12,2070716,0.64,0.76,1,67039,2309.21,1595.93,13.78,37.15,174.73
5/28/2019,117.08,1.12,2485770,0.55,0.68,1.01,66672,2186.08,2465.27,14.04,39.43,175.74
5/29/2019,119.36,1.11,2570613,0.44,0.63,1.26,66441,2024.63,2072.89,14.22,39.29,173.47
5/30/2019,117.24,1.11,2117180,0.53,0.64,1,66530,1889.91,1739.52,14.24,38.83,172.81
5/31/2019,121.68,1.12,2555578,0.3,0.83,1.2,66265,1713.88,2172.94,14.79,40.45,172.03
6/3/2019,122.92,1.12,2370152,0.25,0.67,1.08,66493,1604.55,2386.03,14.8,39.23,171.7
6/4/2019,116.08,1.13,2623947,0.47,0.67,0.71,66894,1602.2,2285.86,16.27,36.44,172.03
6/5/2019,113.84,1.12,2649808,0.47,0.64,0.95,67106,1598.49,2004.15,16.44,34.21,172.7
6/6/2019,111.4,1.13,2225952,0.5,0.66,0.91,67312,1615.56,1947.01,15.56,34.41,172.34
6/7/2019,112.24,1.13,2669860,0.49,0.51,0.88,67572,1697.84,1837.64,15.91,34.89,171.01
6/10/2019,111.44,1.13,2509058,0.6,0.57,0.84,67701,1795.54,1846.37,15.96,33.91,171.11
6/11/2019,111.64,1.13,2675686,0.59,0.65,1.01,67660,1876.2,2015.98,15.9,34.53,174.49
6/12/2019,111.12,1.13,2727860,0.53,0.77,0.93,67651,1932.09,1607.44,13.44,34.68,172.94
6/13/2019,110.44,1.13,2318946,0.47,0.63,0.87,67910,2038.96,1635.92,13.22,34.61,172.51
6/14/2019,109.28,1.12,2642083,0.49,0.63,0.75,67845,2098.34,1548.1,13.09,34.37,171.78
6/17/2019,108.12,1.12,2552395,0.53,0.72,0.93,67800,2158.26,1559.38,12.74,34.96,170.1
6/18/2019,107.28,1.12,2728786,0.54,0.55,0.78,68042,2267.71,1997.13,13,35.25,171.86
6/19/2019,103.72,1.12,2772903,0.59,0.61,0.9,68216,2384.65,1852.97,12.83,33.17,173.22
6/20/2019,104.04,1.13,2378559,0.57,0.52,0.6,68563,2544.26,2055.75,12.88,33.53,175.38
6/21/2019,106.48,1.14,2719643,0.59,0.53,0.85,68456,2635.35,2998.77,12.86,37.17,173.58
6/24/2019,105.52,1.14,2594661,0.51,0.59,0.79,68339,2672.31,1701.8,12.16,34.89,173.47
6/25/2019,108.2,1.14,2711222,0.5,0.63,0.81,68078,2646.35,1980.46,12.56,37.19,175.8
6/26/2019,107.36,1.14,2730515,0.58,0.67,0.86,68021,2625.07,1979.63,12.18,35.57,176.81
6/27/2019,105.68,1.14,2368846,0.54,0.58,0.78,68296,2663.65,1692.37,12.02,35.27,174.98
6/28/2019,104,1.14,2632030,0.5,0.55,0.8,68624,2756.82,2810.85,12.13,31.86,175.48
7/1/2019,98.24,1.13,2547889,0.67,0.65,0.82,68841,2853.1,2029.85,11.51,30,175.43
7/2/2019,94.6,1.13,2088760,0.71,0.66,0.89,68895,2939.4,1639.38,11.53,28.77,172.44
7/3/2019,94.04,1.13,2184253,0.81,0.64,0.76,69253,3061.94,1094.18,9.16,27.05,172.06
7/5/2019,94.32,1.12,2795369,0.91,0.61,0.85,69173,3152.25,1283.14,8.76,27.74,171.79
7/8/2019,96.92,1.12,2515902,0.82,0.63,0.78,68953,3178.6,1536.94,8.64,29.8,172.91
7/9/2019,97.2,1.12,2608209,0.83,0.58,0.84,68982,3196.29,1612.2,7.98,31.6,171.43
7/10/2019,94.24,1.13,2716812,0.76,0.51,0.85,69031,3236.79,1633.06,7.96,29.6,173.39
7/11/2019,92.68,1.13,2312178,0.79,0.61,0.83,69142,3261.02,1716.67,7.99,29.76,174.47
7/12/2019,91.2,1.13,2669717,0.83,0.55,0.84,69385,3316.29,1597.96,8.11,27.56,175.26
7/15/2019,90.84,1.13,2522563,0.76,0.59,0.81,69401,3348.42,1583.82,7.96,28.39,176.4
7/16/2019,91.12,1.12,2716828,0.81,0.62,0.82,69308,3369.29,1736.55,8.04,29.57,176.75
7/17/2019,93.44,1.12,2776960,0.73,0.67,0.89,69076,3337.99,1731.97,8.3,30.4,176.54
7/18/2019,92.46,1.13,2396462,0.64,0.6,0.85,69263,3314.69,1786.36,7.68,31.55,177.98
7/19/2019,93.52,1.12,2727355,0.67,0.6,0.86,69063,3262.79,1866.78,7.86,32.65,179.29
7/22/2019,91.64,1.12,2561911,0.73,0.71,0.89,69047,3199.21,1629.56,7.25,31.39,177.11
7/23/2019,88.4,1.12,2705399,0.75,0.61,0.75,69321,3183.5,1863.51,7.61,30.86,176.39
7/24/2019,86.16,1.11,2732770,0.79,0.66,0.79,69526,3226.2,1908.26,7.76,28.74,177.38
7/25/2019,88.8,1.11,2364925,0.84,0.68,0.75,69314,3183.87,1968.51,7.27,32.67,177.54
7/26/2019,86.56,1.11,2700723,0.9,0.6,0.82,69529,3190.62,1766.04,7.52,30.59,175.94
7/29/2019,87.32,1.11,2542365,0.82,0.71,0.83,69468,3188.03,1756.03,7.44,30.62,175.83
7/30/2019,89.36,1.12,2742882,0.77,0.73,0.95,69474,3201.33,1826.08,7.28,34.49,175.99
7/31/2019,94.36,1.11,2730936,0.71,0.62,0.93,69143,3160.99,2712.61,7.71,36.63,175.15
8/1/2019,101.8,1.11,2367967,0.71,0.75,1.01,68922,3068.75,2682.97,8.13,40.52,173.68
8/2/2019,102.64,1.11,2688640,0.31,0.87,1.16,68692,2946.44,2174.66,8.27,38.69,171.84
8/5/2019,117.2,1.12,2430094,-0.16,0.84,1.24,68209,2710.33,2610.16,13.15,43.58,169.83
8/6/2019,109.92,1.12,2707986,0.19,0.78,1.01,68537,2556.36,2166.35,13.78,42.59,170.88
8/7/2019,110.48,1.12,2725000,0.19,0.78,1.1,68599,2405.53,2333.82,13.77,38.55,169.76
8/8/2019,103.92,1.12,2290340,0.36,0.62,0.93,69062,2367.09,2201.86,15.03,36.54,171.91
8/9/2019,107.72,1.12,2647897,0.31,0.68,0.91,68825,2279.14,1873.05,15.16,36.67,172.53
8/12/2019,115.56,1.12,2391906,0.13,0.78,1.07,68436,2140.75,1614.65,15.67,41.06,172.22
8/13/2019,107.04,1.12,2602446,0.34,0.66,0.91,68824,2082.17,2125.86,16.51,40.12,171.45
8/14/2019,121.86,1.11,2627564,-0.05,0.84,1.24,68325,1925.52,2527.26,19.5,44.61,172.58
8/15/2019,118.68,1.11,2171962,-0.13,0.98,1.08,68394,1796.11,2406.76,19.41,44.91,171.99
8/16/2019,112.12,1.11,2584444,0.05,0.67,0.95,68849,1767.59,2061.04,19.98,41.08,172.52
8/19/2019,103.92,1.11,2306838,0.23,0.55,0.87,69293,1814.61,1772.96,20.32,36.17,172.68
8/20/2019,106.4,1.11,2533184,0.18,0.69,0.91,68941,1816.84,1644.09,20.47,40.38,171.65
8/21/2019,101.2,1.11,2559244,0.38,0.6,1.07,69305,1876.86,1578.07,20.52,35.82,171.74
8/22/2019,103,1.11,2039233,0.38,0.74,0.92,69297,1914.25,1579.71,20.46,37,170.78
8/23/2019,115.84,1.11,2493162,0.1,0.88,1.2,68810,1836.39,2341.62,22.34,43.02,171.29
8/26/2019,112.4,1.11,2188688,0.15,0.58,0.96,69188,1815.44,1585.6,22.55,41.48,
8/27/2019,114.68,1.11,2561109,0.06,0.64,0.91,69007,1746.55,1912.22,22.57,42.83,171.23
8/28/2019,112.08,1.11,2658558,0.16,0.64,1.01,69340,1746.67,1626.9,22.65,39.91,170.65
8/29/2019,107.4,1.11,1954902,0.25,0.66,0.9,69767,1824.74,1608.31,22.76,39.89,171.68
8/30/2019,108,1.1,1887845,0.23,0.68,1.09,69895,1908.66,1599.91,22.59,38.24,172.13
9/3/2019,112.76,1.1,2109858,0.05,0.73,1.02,69716,1941.62,1706.57,22.47,39.16,170.36
9/4/2019,105.8,1.1,2198828,0.16,0.68,0.99,70121,2055.8,1611.91,20.36,35.8,173.3
9/5/2019,101.88,1.1,1755502,0.37,0.53,0.84,70424,2197.14,1965.06,20.34,34.83,175.87
9/6/2019,98.88,1.1,2370003,0.41,0.56,0.82,70541,2333.1,1638.45,20.34,32.24,175.65
9/9/2019,97.92,1.1,2005867,0.36,0.59,0.87,70630,2476.53,2075.91,19.36,30.98,176.37
9/10/2019,97.6,1.1,2449302,0.38,0.65,0.84,70766,2616.58,2284.66,19.25,32.26,176.35
9/11/2019,96.08,1.1,2484025,0.42,0.54,0.84,70991,2791.79,2015.09,18.93,31.08,177.89
9/12/2019,93.8,1.11,1879822,0.48,0.55,0.79,71063,2935.68,2097.19,18.24,31.53,178.19
9/13/2019,92.32,1.11,2485134,0.54,0.62,0.82,71108,3036.93,1877.09,14.95,30.59,178.18
9/16/2019,93.68,1.1,2146857,0.42,0.68,0.8,71064,3125.72,1860.7,14.95,32.04,177.66
9/17/2019,93.24,1.11,2455410,0.42,0.56,0.82,71101,3200.1,1825.01,14.15,34.45,174.59
9/18/2019,90.24,1.1,2571924,0.38,0.7,1.04,71080,3241.95,1700.21,13.51,32.4,174.61
9/19/2019,88.6,1.1,1938402,0.34,0.67,0.82,70994,3271.92,1534.11,13.25,34.96,174.87
9/20/2019,93.16,1.1,2517826,0.29,0.65,0.97,70818,3290.99,3200.73,13.08,36.26,176.15
9/23/2019,92.36,1.1,2188236,0.24,0.65,0.89,70850,3311.38,1534.37,13.09,36.39,174.51
9/24/2019,96.64,1.1,2510926,0.21,0.7,1.08,70601,3261.46,2003.87,9.91,40.29,174.59
9/25/2019,94.44,1.09,2547611,0.26,0.67,0.97,70809,3249.77,1742.98,9.49,37.33,173.52
9/26/2019,95.24,1.09,1966234,0.16,0.74,1.02,70763,3209.18,1577.83,9.47,39.47,174.65
9/27/2019,97.84,1.09,2452596,0.04,0.72,1.11,70675,3151.18,1758.05,9.42,38.85,173.37
9/30/2019,94.96,1.09,2082179,0.18,0.67,1,70875,3112.78,1632.94,8.55,37.05,173.83
10/1/2019,99.16,1.09,2447687,-0.04,0.73,1.05,70484,2997.69,1865.73,9.48,42.23,172.41
10/2/2019,105.8,1.1,2526835,-0.23,0.84,1.24,70032,2805.64,2101.32,11.32,43.67,172.05
10/3/2019,101.76,1.1,1921185,-0.2,0.77,1.16,70312,2671.97,1841.27,10.96,44.07,172.42
10/4/2019,96.36,1.1,2542118,-0.05,0.65,1.05,70711,2623.07,1591.83,11.14,37.98,172.73
10/7/2019,97.08,1.1,2215233,0.01,0.7,0.98,70449,2536.74,1486.04,11.22,39.24,173.62
10/8/2019,104.96,1.1,2605291,-0.19,0.65,0.84,70006,2381.89,1805.39,12.46,45.12,173.57
10/9/2019,101.44,1.1,2688032,-0.07,0.59,0.98,70372,2288.14,1400.1,12.84,41.56,173.73
10/10/2019,97.72,1.1,2074718,0.06,0.58,0.92,70668,2237.2,1596.11,12.79,41.01,175.29
10/11/2019,92.08,1.1,2555333,0.15,0.56,0.83,71007,2265.45,1946.36,13.26,35.23,176.43
10/14/2019,89.08,1.1,2317763,,,,,,1327.32,13.25,34.73,174.54
10/15/2019,86.76,1.1,2581007,0.25,0.55,0.87,71187,2308.12,1669.91,13.72,34.41,174.53
10/16/2019,85.68,1.11,2637667,0.2,0.63,0.88,71135,2341.93,1717.47,13.71,33.16,173.98
10/17/2019,85.16,1.11,2049855,0.21,0.65,0.81,71299,2411.22,1608.57,13.74,35.82,174.83
10/18/2019,84.96,1.12,2606266,0.25,0.69,0.93,71301,2459.61,1958.46,13.81,34.13,175.62
10/21/2019,82.72,1.12,2245199,0.29,0.61,0.81,71568,2541.39,1710.86,13.89,34.46,176.45
10/22/2019,84.04,1.11,2541581,0.32,0.61,0.87,71579,2628.7,1835,13.94,34.83,175.46
10/23/2019,83,1.11,2594337,0.31,0.69,0.89,71707,2733.61,1755.17,13.6,33.47,175.73
10/24/2019,81.84,1.11,1931971,0.35,0.68,0.78,71684,2802.84,1924.16,13.43,35.01,177.72
10/25/2019,79.16,1.11,2478287,0.44,0.56,0.79,71796,2871.76,1766.25,13.48,32.84,177.71
10/28/2019,79.92,1.11,2066516,0.42,0.51,0.77,71908,2933.24,1854.81,13.49,32.47,178.46
10/29/2019,79.84,1.11,2047910,0.36,0.55,0.85,71961,2984.23,1777.65,13.36,34.48,178.82
10/30/2019,77.88,1.12,2319906,0.33,0.6,0.93,72002,3026.71,1958.28,12.77,31.85,179.11
10/31/2019,79,1.12,1836781,0.26,0.71,0.83,71809,3017.94,2183.81,11.06,34.62,177.68
11/1/2019,75.48,1.12,2459525,0.38,0.53,0.77,72050,3068.41,1941.72,11.23,31.92,177.47
11/4/2019,75.6,1.11,2147882,0.4,0.54,0.67,72165,3134.67,2098.71,10.23,31.08,178.71
11/5/2019,77.16,1.11,2507365,0.41,0.58,0.7,72166,3170.94,2211.21,10.14,33.26,179.55
11/6/2019,76.88,1.11,2544350,0.37,0.63,0.71,72197,3176.5,1997.16,8.57,32.98,179.42
11/7/2019,76.16,1.11,1908805,0.46,0.54,0.72,72251,3159.37,2149.11,8.06,34.45,179.65
11/8/2019,74.56,1.1,2356349,0.47,0.59,0.89,72349,3141.88,1686.15,7.77,32.14,179.66
11/11/2019,74.28,1.1,2072207,,,,,,1396.85,6.86,33.05,177.67
11/12/2019,73.4,1.1,2364920,0.42,0.59,0.78,72234,3045.58,1679.33,6.88,34.12,176
11/13/2019,73.92,1.1,2437211,0.39,0.58,0.79,72245,2978.96,1702.52,5.81,32.04,175.1
11/14/2019,72.72,1.1,1807230,0.37,0.47,0.77,72354,2932.85,1652.83,5.78,33.9,174.44
11/15/2019,69.6,1.11,2396681,0.43,0.49,0.73,72650,2919.81,1858.92,6.27,30.39,173.06
11/18/2019,69.52,1.11,2071631,0.4,0.55,0.74,72653,2878.71,1824.63,6.12,29.28,172.58
11/19/2019,70.28,1.11,2428095,0.39,0.58,0.83,72685,2827.78,1918.51,5.65,30.93,171.66
11/20/2019,71,1.11,2550459,0.33,0.64,0.9,72532,2756.15,2349.5,5.7,29.32,172.62
11/21/2019,71.16,1.11,2194291,0.37,0.59,0.92,72426,2657.42,1851.57,5.65,31.83,171.82
11/22/2019,69.12,1.1,2321546,0.41,0.58,0.8,72565,2593.72,1604.04,5.66,29.34,171.84
11/25/2019,66.12,1.1,2624250,0.43,0.63,0.78,72838,2598.14,1882.22,6.08,28.33,172.67
11/26/2019,65.16,1.1,1591158,0.46,0.57,0.83,72948,2605.83,2461.72,5.78,29.26,171.69
11/27/2019,64.84,1.1,1968137,0.51,0.58,0.73,73167,2642.27,1485.03,6,27.35,173.68
11/29/2019,66.16,1.1,2882915,0.44,0.59,0.77,72859,2622.52,876.33,6,29.85,172.23
12/2/2019,69.6,1.11,2054380,0.37,0.66,0.86,72544,2531.21,1743.02,6.66,33.94,171.78
12/3/2019,73.64,1.11,2262878,0.23,0.7,0.92,72315,2411.95,1944.33,6.31,37.89,170.97
12/4/2019,70.24,1.11,2278205,0.34,0.54,0.76,72598,2359.21,1771.66,6.54,35.09,170.41
12/5/2019,69.32,1.11,1755801,0.33,0.65,0.87,72712,2318.53,1601.65,6.56,37.34,170.35
12/6/2019,66.92,1.11,2292079,0.38,0.54,0.8,73039,2349.35,1689.23,7.21,33.08,170.55
12/9/2019,70.4,1.11,2020488,0.32,0.64,0.91,72951,2370.26,1585.17,7.22,35.96,172.13
12/10/2019,70.52,1.11,2362310,0.34,0.76,0.84,72880,2383.38,1646.09,7.2,37.97,172.79
12/11/2019,68.88,1.11,2388029,0.32,0.52,0.85,72991,2428.24,1680.41,,34.55,173.75
12/12/2019,64.8,1.11,1893871,0.49,0.45,0.68,73259,2499.14,2187.14,8.13,32.49,174.31
12/13/2019,62.12,1.11,2300248,0.52,0.55,0.6,73193,2557.13,1935.95,8.11,30.35,176.11
12/16/2019,60.8,1.11,2234374,0.63,0.61,0.84,73462,2655.21,2118.01,8.46,29.38,175.57
12/17/2019,60.36,1.12,2471408,0.58,0.53,0.7,73505,2767.95,1966.05,8.45,30.35,175.86
12/18/2019,60.96,1.11,2608088,0.6,0.49,0.78,73501,2889.86,2100.17,8.05,30.47,175.14
12/19/2019,59.44,1.11,2487987,0.55,0.54,0.54,73663,3013.38,1909.86,8.18,30.75,176.31
12/20/2019,60.16,1.11,2519399,0.59,0.46,0.67,73925,3135.38,3633.43,8.34,30.85,176.66
12/23/2019,60.36,1.11,1937235,0.53,0.54,0.71,73874,3243.27,1529.84,8.23,32.6,176.67
12/24/2019,59.76,1.11,2552194,0.5,0.52,0.77,73892,3345.04,604.64,8.22,32.27,177.12
12/26/2019,59.68,1.11,2470786,0.53,0.43,0.65,74071,3453.68,1028.83,8.38,31.91,
12/27/2019,60.92,1.12,2575985,0.46,0.6,0.72,74036,3522.6,1101.84,7.95,31.78,177.24
12/30/2019,63.04,1.12,2133253,0.39,0.59,0.75,73760,3548.36,1182.14,8.16,35.43,177.42
12/31/2019,60.48,1.12,2392331,0.53,0.56,0.7,74053,3600.6,1281.71,8.05,31.83,176.66
1/2/2020,58.04,1.12,2178656,0.56,0.54,0.66,74153,3665.31,1814.36,8.47,29.93,176.35
1/3/2020,61.16,1.12,2422272,0.48,0.57,0.77,73935,3699.51,1716.82,8.24,32.43,174.07
1/6/2020,60.32,1.12,1815040,0.55,0.54,0.75,73977,3725.8,1852.45,7.97,31.07,175.66
1/7/2020,60.04,1.12,2034472,0.56,0.44,0.69,73873,3716.55,1876.91,7.73,32.65,176.49
1/8/2020,59.2,1.11,2072543,0.65,0.47,0.63,74063,3722.41,1921.62,7.92,30.24,176.68
1/9/2020,56.72,1.11,1687974,0.76,0.49,0.69,74309,3731.41,1810.32,7.65,28.87,177.23
1/10/2020,56.48,1.11,2183734,0.78,0.54,0.8,74185,3715.39,1625.08,7.65,27.6,177
1/13/2020,55.04,1.11,1876782,0.81,0.47,0.71,74452,3747.57,1731.5,8.01,26.48,177
1/14/2020,54.64,1.11,2242656,0.87,0.47,0.69,74491,3782.7,1928.61,7.06,28.33,177.64
1/15/2020,54.48,1.12,2347075,0.81,0.44,0.72,74600,3814.97,1784.3,7.1,27.31,178.44
1/16/2020,53.16,1.11,1781893,0.89,0.47,0.72,74988,3888.24,1784.12,7.24,28.54,180.99
1/17/2020,53.28,1.11,2000260,0.91,0.48,0.64,75121,3938.89,2125.41,7.31,27.9,180.03
1/21/2020,53.72,1.11,2100401,0.88,0.59,0.79,75033,3936.2,2160.06,7.34,28.17,178.81
1/22/2020,54.16,1.11,2145063,0.9,0.52,0.78,75004,3918.87,1835.11,7.2,28.64,177.79
1/23/2020,53.96,1.11,1645196,0.85,0.54,0.77,75117,3891.16,2021.09,7.02,29.57,175.43
1/24/2020,56.96,1.1,2136584,0.74,0.7,1.02,74778,3791.36,2100.98,7.71,31.16,173.53
1/27/2020,62.84,1.1,1777171,0.56,0.64,1.01,74387,3606.48,2123.95,9.47,36.9,168.98
1/28/2020,59.32,1.1,2085468,0.69,0.55,0.79,74718,3491.72,1943.05,9.96,36.68,167.82
1/29/2020,59.4,1.1,2159047,0.7,0.5,0.81,74609,3381.59,2113.16,9.96,36.16,166.85
1/30/2020,58.4,1.1,1658886,0.54,0.61,0.87,74704,3281.93,2238.26,9.83,36.29,164.95
1/31/2020,64.8,1.11,1948138,0.49,0.74,1.06,74261,3099.35,2674.87,11.74,38.15,164.3
2/3/2020,62.32,1.11,1843877,0.54,0.5,0.79,74506,2976.85,2101.99,11.68,36.5,164.41
2/4/2020,59.32,1.1,2167857,0.73,0.46,0.73,74856,2925.78,2132.09,12.58,34.01,164.82
2/5/2020,56.8,1.1,2271551,0.83,0.51,0.79,75176,2949.14,2234.96,13.12,29.19,165.91
2/6/2020,56.36,1.1,1770241,0.85,0.47,0.67,75143,2954.16,1946.47,13.13,29.55,166.36
2/7/2020,57.52,1.09,2224826,0.76,0.56,0.9,74907,2908.19,1847.15,13.14,29.39,164.36
2/10/2020,56.4,1.09,2038375,0.76,0.46,0.75,75113,2884.84,1699.9,13.21,27.39,163.91
2/11/2020,56.48,1.09,2415185,0.88,0.45,0.65,75352,2910.7,1869.31,13.19,27.55,165.08
2/12/2020,53.6,1.09,2507588,0.97,0.48,0.67,75583,2953.61,1990.54,13.15,25.36,166.37
2/13/2020,54.76,1.08,1972248,0.96,0.55,0.73,75593,2978.33,1894.1,13.15,27.94,166.1
2/14/2020,54.08,1.08,2198657,0.95,0.58,0.78,75631,2994.52,1653.42,13.12,27.19,166.4
2/18/2020,55.04,1.08,2358511,0.91,0.51,0.7,75486,2974.44,1869.84,12.86,28.06,165.49
2/19/2020,54.24,1.08,2429489,0.94,0.45,0.67,75592,2956.2,1713.68,12.92,27.27,166.05
2/20/2020,56.16,1.08,1951535,0.85,0.51,0.73,75606,2964.38,2021.77,12.98,28.96,165.61
2/21/2020,59.6,1.08,2380359,0.75,0.73,0.93,75365,2903.3,2105.58,13.47,31.22,163.28
2/24/2020,70.68,1.09,2075554,0.24,0.7,1.08,74886,2721.3,2731.13,17.85,42.56,162.91
2/25/2020,77.36,1.09,2364727,0.1,0.8,1.12,74401,2435.64,3120.89,20.49,49.38,163.89
2/26/2020,75.72,1.09,2441643,0.13,0.65,1.06,74136,2137.48,2969.92,19.79,47.25,162.31
2/27/2020,88,1.1,1949696,-0.71,0.86,1.22,73661,1757.51,3909.52,25.03,58.8,161.89
2/28/2020,91.24,1.1,2353150,-1.36,0.85,1.27,73415,1349.24,5117.57,25.18,57.06,161.08
3/2/2020,88.12,1.11,2089641,-0.71,0.76,1.05,73856,1095.18,3809.8,29.53,50.83,163
3/3/2020,97.8,1.12,1736393,-0.94,0.73,0.93,73439,831.74,3855.77,30.49,58.21,164.05
3/4/2020,92,1.11,1877401,-0.95,0.64,1,73893,714.03,3037.22,33.55,53.06,164.76
3/5/2020,106.72,1.12,2130015,-1.14,0.78,1.08,73430,497.82,3226.58,35.12,59.78,164.43
3/6/2020,119.28,1.13,2198517,-1.81,0.89,1.25,73093,219.57,3902.62,35.47,56.51,163
3/9/2020,147.84,1.15,1909363,-2.65,1.12,1.47,72606,-159.58,4687.4,44.95,70.61,158.97
3/10/2020,136.44,1.13,1617220,-1.94,0.75,1.17,73055,-397.55,4314.15,48.07,69.8,162.58
3/11/2020,154.64,1.13,1702686,-2.61,1.02,1.41,72569,-728.48,4229.28,51.05,71.95,160.84
3/12/2020,189.44,1.12,1788456,-4.08,1.28,1.46,72066,-1149.34,5207.52,61.69,82.65,156.35
3/13/2020,172.8,1.11,1714372,-4.15,1,1.19,72543,-1384.92,4920.67,68.73,69.4,160.07
3/16/2020,236.84,1.12,1257823,-5.05,1.1,1.35,72056,-1715.17,4606.38,81.56,90.29,153.1
3/17/2020,234.04,1.1,953699,-4.61,0.86,1.09,72359,-1953.21,4807.8,84.04,85.76,152.12
3/18/2020,276,1.09,779631,-5.47,0.98,1.3,71964,-2275.31,5184.01,85.81,78.76,145.29
3/19/2020,248,1.07,620883,-5.8,0.88,1.02,72019,-2455.09,4499.87,85.8,72.63,142.37
3/20/2020,242.2,1.07,593167,-6.15,0.83,1.14,71683,-2610.87,5277.9,87.23,73.76,144.55
3/23/2020,204.52,1.07,331431,-6.32,0.62,1,71385,-2810.21,4563.46,87.77,63.61,140.01
3/24/2020,188.6,1.08,279018,-6.34,0.63,0.92,71868,-2834.24,4679.63,92.3,69.67,142.35
3/25/2020,203.6,1.09,239234,-6.27,0.65,0.9,72085,-2743.87,4840.62,91.81,73.28,142.09
3/26/2020,182.48,1.1,203858,-5.48,0.58,0.98,72526,-2533.88,4304.63,94.08,74.64,142.26
3/27/2020,202.4,1.11,199644,-5.64,0.7,1,72169,-2421.67,3572.61,93.46,74.33,142.75
3/30/2020,194.52,1.1,154080,-5.38,0.68,1,72454,-2278.47,3363.38,94.07,72.49,142.11
3/31/2020,185,1.1,146348,-5.05,0.7,1.1,72172,-2156.35,3977.36,92.96,70.85,142.57
4/1/2020,200.88,1.1,136023,-5.04,0.86,1.2,71721,-2165.75,3657.06,93.76,77.11,142.03
4/2/2020,189.44,1.09,124021,-4.99,0.82,1.09,71897,-2129.91,3838.3,93,73.31,141.76
4/3/2020,181.8,1.08,129763,-4.69,0.83,1.05,71646,-2169.01,3577.37,92.41,68.36,142.35
4/6/2020,168.84,1.08,108310,-4.27,0.69,0.92,72127,-2063.75,4003.31,95,70.82,141.57
4/7/2020,173.64,1.09,97130,-4.2,0.65,0.96,72234,-1890.49,4209.86,90.89,74.72,145.66
4/8/2020,169.6,1.09,94931,-3.86,0.65,1,72693,-1610.39,3330.76,90.01,74.36,143.93
4/9/2020,166.28,1.09,104090,-3.72,0.65,0.95,72953,-1249.76,4346.27,88.46,72.66,144.35
4/13/2020,162.84,1.09,102184,-3.38,0.65,0.87,72643,-1003.37,2891.01,81.46,72.33,
4/14/2020,149.64,1.1,87534,-3.1,0.58,0.86,73002,-708.49,3100.8,76.3,69.46,147.47
4/15/2020,161.64,1.09,90784,-3.21,0.7,0.92,72571,-548.48,3105.52,62.84,69.76,146.84
4/16/2020,162.96,1.08,95085,-3.23,0.59,0.83,72540,-441.92,3149.93,59.51,67.42,147.48
4/17/2020,156.2,1.09,106385,-2.97,0.6,0.86,72983,-238.76,3539.77,57.64,63.5,148.77
4/20/2020,171.36,1.09,99344,-2.99,0.55,0.83,72631,-140.06,2917.77,57.96,70.43,148.39
4/21/2020,185.68,1.09,92859,-3.36,0.69,0.99,72185,-138.82,3081.04,56.8,72.62,144.94
4/22/2020,176.76,1.08,98968,-2.99,0.66,0.79,72505,-71.92,2765.37,56.37,69.66,146.12
4/23/2020,176.24,1.08,111627,-2.95,0.59,0.77,72546,24.74,2910.34,47.18,71.62,147.21
4/24/2020,166.08,1.08,123464,-2.64,0.6,0.9,72877,148.67,2863.17,47.19,66.5,147.19
4/27/2020,153.84,1.08,119854,-2.26,0.58,0.87,73258,343.13,2784.19,42.75,63.07,148.42
4/28/2020,156.28,1.08,110913,-2.2,0.56,0.81,73422,578.52,3198.29,41.22,67.45,148.61
4/29/2020,146.82,1.09,119629,-1.88,0.53,0.82,73718,895.05,3830.21,40.7,61.67,149.4
4/30/2020,151.48,1.1,154695,-1.92,0.68,0.86,73352,1097.85,3700.33,40.46,65.04,147.97
5/1/2020,164.76,1.1,171563,-1.89,0.82,1.1,72904,1165.85,2900.97,38.38,71.94,145.58
5/4/2020,161.04,1.09,163692,-1.75,0.69,0.91,72900,1213.17,2850.49,37.61,67.62,145.71
5/5/2020,154.68,1.08,130601,-1.44,0.59,0.8,73056,1269.46,2961.19,37.36,69.72,146.53
5/6/2020,156.84,1.08,140409,-1.34,0.59,0.87,72804,1259.74,2844.99,29.61,69,148.12
5/7/2020,149.88,1.08,190863,-1.29,0.59,0.75,73080,1318.83,2799.39,29.89,69.99,149.78
5/8/2020,139.8,1.08,215444,-1.17,0.53,0.78,73481,1467.31,2605.13,28.11,62.32,
5/11/2020,130.48,1.08,215645,-1.03,0.5,0.75,73291,1546.62,2602.39,27.65,56.5,149.8
5/12/2020,143.6,1.08,163205,-1.13,0.6,0.8,72870,1532.55,2657.39,28.35,67.99,149.6
5/13/2020,158.6,1.08,176667,-1.43,0.72,1.05,72474,1401.75,3530.59,27.08,67.61,148.8
5/14/2020,149.88,1.08,234928,-1.26,0.64,0.92,72744,1300.97,3339.2,26.34,62.83,147.53
5/15/2020,146.4,1.08,250467,-1.17,0.57,0.76,72796,1232.79,3288.57,26.3,59.82,146.99
5/18/2020,136.96,1.09,244176,-0.95,0.47,0.64,73229,1289.13,3634.09,26.78,56.06,149.14
5/19/2020,144.12,1.09,190477,-0.88,0.46,0.65,72931,1302.86,2844.34,26.3,59.92,151.38
5/20/2020,134.8,1.1,230367,-0.87,0.49,0.72,73266,1401.79,2842.51,24.7,53.79,151.57
5/21/2020,138.72,1.1,318449,-0.8,0.55,0.8,73062,1491.71,2764.03,23.62,58.36,153.78
5/22/2020,137.4,1.09,348673,-0.74,0.57,0.76,73105,1584.78,2181.26,23.63,58.14,149.73
5/26/2020,135.32,1.1,264843,-0.64,0.5,0.72,73418,1762.78,3335.19,23.52,55.4,152.11
5/27/2020,132.6,1.1,261170,-0.62,0.51,0.71,73775,2004.71,3630.51,23.52,50.91,151.48
5/28/2020,137.92,1.11,321776,-0.55,0.54,0.79,73695,2181.84,3134.82,23.46,55.2,150.68
5/29/2020,132.52,1.11,327133,-0.6,0.58,0.84,73678,2321.97,4371.94,21.77,53.56,152.25
6/1/2020,133.68,1.11,353261,-0.56,0.46,0.68,73876,2510.08,2486.41,21.54,53.85,153.29
6/2/2020,129.96,1.12,267742,-0.48,0.47,0.67,74155,2733.76,2790.93,19.65,53.5,155.03
6/3/2020,124.36,1.12,304436,-0.32,0.4,0.64,74485,3006.43,3145.82,20.13,51.35,156.81
6/4/2020,123.36,1.13,391882,-0.28,0.43,0.65,74474,3241.99,3723.3,19.96,51.62,155.66
6/5/2020,116.68,1.13,419675,-0.11,0.41,0.59,74892,3536.23,4777.43,21.79,48.13,159
6/8/2020,119.28,1.13,430414,-0.15,0.37,0.48,75183,3869.88,3685.2,21.82,47.67,160.31
6/9/2020,125.08,1.13,338382,-0.18,0.4,0.61,74805,4054.19,3125.39,21.28,51.99,161.4
6/10/2020,124.52,1.14,386969,-0.26,0.45,0.6,74515,4128.56,3552.51,21.36,48.9,163.33
6/11/2020,166.44,1.13,502209,-0.76,0.7,0.95,74012,4034.51,4102.15,28.97,69.42,162.03
6/12/2020,154.84,1.13,519304,-1.01,0.71,0.89,74326,4023.07,3357.02,28.62,59.12,161.55
6/15/2020,150.88,1.13,534528,-0.79,0.51,0.78,74608,4044.37,3199.59,28.52,59.03,158.89
6/16/2020,147.48,1.13,417924,-0.61,0.45,0.67,75043,4145.01,3262.35,29.19,60.77,162.3
6/17/2020,147.92,1.12,441829,-0.52,0.51,0.7,74849,4164.78,2469.61,27.31,58.42,161.99
6/18/2020,145.24,1.12,576514,-0.6,0.5,0.67,74817,4147.77,2389.98,27.08,60.03,162.92
6/19/2020,147.56,1.12,587908,-0.61,0.57,0.8,74608,4072.33,4974.39,26.5,60.98,163.76
6/22/2020,140.36,1.13,607540,-0.57,0.47,0.68,74634,4000.62,2552.91,26.47,58.01,163.29
6/23/2020,137.8,1.13,471421,-0.44,0.45,0.64,74647,3946.7,2710.6,26.51,58.64,163.67
6/24/2020,146.88,1.13,494826,-0.7,0.63,0.87,74179,3771.62,3192.17,27.66,60.71,162.54
6/25/2020,141.56,1.12,623624,-0.56,0.54,0.76,74448,3652.01,2693.99,27.48,58.42,162.33
6/26/2020,150,1.12,632984,-0.74,0.74,0.92,74059,3441.59,4258.02,28.76,60.21,165.27
6/29/2020,142.72,1.12,625235,-0.63,0.55,0.73,74460,3327.33,2618.83,29.09,56.34,164.83
6/30/2020,135.8,1.12,500054,-0.52,0.52,0.72,74838,3263.74,2738.52,29.58,52.4,166.46
7/1/2020,131.56,1.13,626516,-0.45,0.46,0.68,74759,3203.06,2692.7,29.5,51.96,165.29
7/2/2020,129.28,1.12,764761,-0.28,0.51,0.75,74977,3177.75,2322.06,29.2,54.68,166.86
7/6/2020,129.12,1.13,755555,-0.28,0.42,0.61,75297,3203.73,2378.12,29.64,51.21,167.98
7/7/2020,133.56,1.13,641761,-0.28,0.45,0.67,74938,3136.38,2271.87,28.5,54.2,167.61
7/8/2020,130.2,1.13,632498,-0.29,0.4,0.59,75025,3094.31,2385.99,28.33,48.86,170.3
7/9/2020,132.24,1.13,709653,-0.35,0.44,0.65,74750,2977.46,2584.36,28.26,49.42,173.71
7/10/2020,128.6,1.13,711124,-0.25,0.46,0.64,75040,2947.13,2402.57,28.44,44.2,172.62
7/13/2020,140.96,1.13,697985,-0.26,0.41,0.59,74988,2871.15,2675.07,19.66,49.29,177.2
7/14/2020,132.84,1.14,540268,-0.35,0.43,0.73,75361,2842.29,2603.34,19.78,44.29,175.44
7/15/2020,129.04,1.14,589285,-0.24,0.38,0.57,75704,2911.9,2825.96,19.78,42.21,176.42
7/16/2020,127.04,1.14,706164,-0.19,0.47,0.59,75682,2949.7,2203.82,18.79,43.4,173.68
7/17/2020,122.48,1.14,720378,-0.1,0.46,0.64,75763,2986.93,2199.26,18.79,42.98,174.44
7/20/2020,116.92,1.14,695330,-0.02,0.45,0.62,75616,2988.02,2166.31,19,39.5,173.72
7/21/2020,117.96,1.15,530421,0.01,0.39,0.59,75844,3057.82,2461.81,18.91,42.06,176.22
7/22/2020,116.64,1.16,570951,0.02,0.49,0.58,76081,3132.56,2399,18.86,39.92,176.17
7/23/2020,120.28,1.16,704815,0.01,0.53,0.68,76021,3179.99,2719.74,19.27,45.51,176.87
7/24/2020,120.68,1.17,724770,-0.02,0.6,0.81,75747,3164.15,2447.23,17.16,45.87,175
7/27/2020,117.36,1.18,700043,0.05,0.44,0.65,75852,3169.03,2324.33,16.92,44.26,175.76
7/28/2020,116.68,1.17,536756,0.05,0.5,0.68,75674,3149.72,2225.31,14.81,48.37,176.73
7/29/2020,114.28,1.18,573200,0.05,0.51,0.65,76023,3213.4,2457.16,14.68,44.9,178.22
7/30/2020,116.8,1.18,718310,0.02,0.55,0.72,75794,3210.13,2411.69,13.68,49.28,177.15
7/31/2020,114.08,1.18,767320,0.04,0.54,0.73,75763,3172.49,3057.8,13.81,46.69,177.7
8/3/2020,113.84,1.18,737235,0.11,0.44,0.56,75828,3170.54,2373.7,13.87,42.34,177.53
8/4/2020,110.48,1.18,543601,0.11,0.42,0.57,75933,3199.12,2391.61,12.92,41.9,178.35
8/5/2020,108.16,1.19,595739,0.16,0.41,0.56,76069,3269.51,2424.57,12.51,39.03,180.93
8/6/2020,106.96,1.19,743599,0.2,0.42,0.5,76055,3316.5,2406.29,12.39,38.27,180.36
8/7/2020,106.12,1.18,762547,0.25,0.51,0.65,76269,3385.74,2268.32,12.23,35.11,180.72
8/10/2020,103,1.17,761861,0.26,0.41,0.53,76451,3500.26,2555.6,11.7,34.62,179.13
8/11/2020,107.8,1.17,559420,0.3,0.45,0.59,76404,3586.38,2894.35,11.54,43.31,179.23
8/12/2020,102.12,1.18,590749,0.29,0.47,0.68,76591,3684.58,2242.48,11.58,39.69,179.86
8/13/2020,102.04,1.18,761821,0.26,0.46,0.63,76448,3729.91,1943.56,11.14,40.18,179.33
8/14/2020,101.76,1.18,783744,0.24,0.54,0.74,76486,3757.27,1706.12,11.02,39.56,179.3
8/17/2020,98.36,1.19,773319,0.22,0.49,0.59,76477,3770.73,1943.58,11.02,37.8,180.95
8/18/2020,97.32,1.19,565946,0.24,0.46,0.69,76316,3735.99,1790.26,10.67,38.6,183.21
8/19/2020,99.08,1.18,586718,0.26,0.43,0.67,76138,3662.45,2011.56,10.74,39.18,185.16
8/20/2020,98,1.19,772380,0.18,0.46,0.66,75945,3555.71,1829.04,10.63,38.08,184.12
8/21/2020,98.52,1.18,764468,0.17,0.45,0.67,75882,3403.92,1987.98,9.82,33.12,181.96
8/24/2020,98.08,1.18,726788,0.2,0.42,0.57,76204,3328.57,2265.59,10.23,31.34,183.23
8/25/2020,97.56,1.18,523186,0.24,0.42,0.56,76187,3249.46,2024.36,10.02,31.94,182.83
8/26/2020,99.72,1.18,540043,0.24,0.39,0.56,76133,3138.36,1989.57,10.37,29.86,184.15
8/27/2020,102.88,1.18,721060,0.07,0.38,0.52,76270,3050.74,2313.9,9.45,29.67,184.16
8/28/2020,102.32,1.19,738873,0.16,0.42,0.55,76536,3023.36,2034.81,9.57,27.38,187.57
8/31/2020,107.4,1.19,711178,0.14,0.45,0.57,76312,2929.54,2534.56,9.32,30.19,
9/1/2020,109.08,1.19,516068,0.12,0.4,0.51,76403,2877.58,2227.57,9.71,30.1,189.48
9/2/2020,111.76,1.19,578131,0.11,0.4,0.52,76826,2869.66,2568.08,10.87,29.04,187
9/3/2020,126.84,1.19,877698,-0.19,0.58,0.73,76431,2762.44,3177.04,16.15,35.49,184.93
9/4/2020,115.68,1.18,968673,-0.24,0.67,0.82,76317,2633.41,3029.05,16.26,31.8,186.09
9/8/2020,113.12,1.18,704075,-0.22,0.57,0.71,75915,2427.92,3051.99,18.87,39.44,186.29
9/9/2020,107.32,1.18,616923,-0.08,0.62,0.67,76213,2318.43,2489.3,20.01,36.47,184.51
9/10/2020,108.52,1.18,755051,-0.14,0.54,0.72,75820,2166.43,2564.85,20.74,41.31,185.72
9/11/2020,102.08,1.18,731353,-0.09,0.67,0.84,75952,2025.24,2338.54,20.2,41.23,185.72
9/14/2020,100.28,1.19,729558,0.03,0.49,0.65,76353,1992.24,2351.8,20.63,40,186.56
9/15/2020,100.12,1.18,522383,0.1,0.46,0.62,76423,1973.37,2471.27,20.71,41.21,188.07
9/16/2020,99.84,1.18,577847,0.08,0.51,0.65,76551,1987.32,2837.45,20.72,39.8,187.4
9/17/2020,97.56,1.18,784746,0.03,0.58,0.73,76400,1960.86,2734.38,20.93,41.5,185.92
9/18/2020,97.48,1.18,812214,0.06,0.63,0.75,76079,1886.33,4071.55,21.29,42.79,187.45
9/21/2020,100.64,1.18,769936,-0.05,0.49,0.79,75720,1709.17,2947.35,21.58,45.19,187.16
9/22/2020,101.44,1.17,549741,0.01,0.55,0.68,75889,1573.61,2354.1,21.82,45.65,186.27
9/23/2020,106.8,1.17,608726,0.02,0.51,0.76,75438,1332.48,2458.65,23.06,48.26,183.83
9/24/2020,104.76,1.17,826316,-0.06,0.63,0.84,75546,1122.91,2372.91,23.05,47.46,180
9/25/2020,102.16,1.16,826329,-0.04,0.56,0.77,75918,1008.76,2162.69,23.45,45.25,180.22
9/28/2020,101.44,1.17,797699,0.01,0.45,0.64,76355,1016.67,2202.84,24.16,48.93,181.39
9/29/2020,99.76,1.17,568688,0,0.49,0.68,76114,984.05,1926.66,24.19,45.87,181.52
9/30/2020,99.6,1.17,634046,0.08,0.45,0.69,76359,965.93,2611.74,24.31,45.6,181.81
10/1/2020,100.04,1.17,855908,0.02,0.5,0.62,76422,1006.67,2346.2,24.13,44.49,177.65
10/2/2020,103.12,1.17,857186,-0.03,0.54,0.73,76555,1080.81,2344.15,23.8,43.23,178.01
10/5/2020,99.88,1.18,816838,-0.04,0.49,0.65,76968,1219.65,2025.66,21.31,45.03,179.98
10/6/2020,101.28,1.17,590766,-0.01,0.46,0.68,76666,1301.96,2532.58,21.67,44.25,180.96
10/7/2020,97.96,1.18,668519,0.02,0.42,0.64,77068,1440.93,2064.47,20.34,41.1,183.46
10/8/2020,94.04,1.18,936915,0.06,0.39,0.61,77429,1637.04,2082.7,19.42,38.65,183.45
10/9/2020,89.16,1.18,968545,0.2,0.44,0.62,77506,1805.53,2222.7,18.68,34.88,186.86
10/12/2020,87.4,1.18,958440,,,,,,2240.14,19.5,33.37,187.95
10/13/2020,88.6,1.17,680894,0.15,0.39,0.6,77519,2071.79,2348.84,19.17,36.01,187.36
10/14/2020,87.68,1.17,717940,0.12,0.47,0.59,77410,2111.35,2164.91,19.2,35.62,186.52
10/15/2020,88.44,1.17,950024,0.09,0.46,0.66,77550,2158.62,2003.36,19.16,36.93,186.07
10/16/2020,89.08,1.17,973046,0.16,0.45,0.64,77582,2166.25,2200.85,18.92,38.08,188.23
10/19/2020,92.96,1.18,921031,0.05,0.43,0.66,77176,2097.53,2180.86,19.26,42.69,188.63
10/20/2020,92.92,1.18,662484,0.06,0.52,0.66,77387,2088.99,2103.05,18.96,43.22,189.06
10/21/2020,90.72,1.19,694150,0.01,0.5,0.69,77240,2028.35,2059.79,18.66,41.72,192.55
10/22/2020,88.6,1.18,934386,0.11,0.48,0.68,77484,2030.11,2381.66,16.87,41.6,190.79
10/23/2020,88.68,1.19,958437,0.08,0.53,0.7,77698,2066.21,2147,16.88,40.17,190.91
10/26/2020,96.68,1.18,898735,-0.16,0.59,0.85,77274,1976.29,2416.75,17.19,46.34,188.4
10/27/2020,97.08,1.18,648517,-0.17,0.48,0.71,77014,1837.34,2364.86,16.2,47.91,188.64
10/28/2020,110.92,1.17,666957,-0.52,0.65,0.91,76539,1586.04,3122.93,20.28,56.34,187.47
10/29/2020,103,1.17,873636,-0.42,0.52,0.75,76749,1417.6,2715.1,20.42,51.65,186.34
10/30/2020,106.12,1.16,892712,-0.51,0.77,0.93,76683,1237.7,3001.8,20.61,55.99,187
11/2/2020,103.76,1.16,846138,-0.48,0.62,0.75,77070,1156.59,2509.54,20.7,51.92,187.5
11/3/2020,98.04,1.17,575829,-0.32,0.45,0.75,77469,1181.22,2313.21,20.79,48.83,190.69
11/4/2020,89.4,1.17,636533,-0.01,0.45,0.79,77437,1216.96,2886.68,21.59,45.49,189.67
11/5/2020,87.92,1.18,867105,0.16,0.44,0.62,77768,1339.54,2552.89,21.79,45.36,191.35
11/6/2020,82.08,1.19,895091,0.33,0.41,0.65,77705,1407.95,2158.54,21.6,41.66,193.44
11/9/2020,80.28,1.18,836600,0.52,0.37,0.58,77936,1552.34,5039.34,21.8,41.3,193.81
11/10/2020,77.88,1.18,596475,0.41,0.52,0.68,78082,1724.49,3431.32,21.07,38.3,192.2
11/11/2020,75.96,1.18,674633,,,,,,2502.9,21.13,36.72,193.87
11/12/2020,81.32,1.18,866679,0.32,0.52,0.78,77701,1908.28,2391.1,21.31,39.89,193.78
11/13/2020,76.32,1.18,881579,0.46,0.5,0.67,78147,2039.81,2266.75,21.8,36.33,194.58
11/16/2020,74.16,1.19,883157,0.43,0.43,0.58,78493,2248.37,2850.13,22.21,37.31,198.18
11/17/2020,73.2,1.19,611497,0.49,0.49,0.63,78350,2439.99,2386.15,21.59,,197.54
11/18/2020,75.36,1.19,703135,0.48,0.42,0.58,78060,2561.58,2674.58,21.94,38.85,199.52
11/19/2020,74.56,1.19,907332,0.41,0.46,0.6,78182,2699.48,2271.12,21.98,38.74,198.78
11/20/2020,74.4,1.19,1019836,0.48,0.4,0.6,78002,2796.74,2228.72,22.01,39.79,202.05
11/23/2020,73.44,1.18,917354,0.5,0.42,0.51,78237,2953.16,2499.18,22.07,37.39,201.82
11/24/2020,72.2,1.19,912090,0.56,0.38,0.37,78546,3157.94,3159.4,21.81,35.82,202.71
11/25/2020,69.56,1.19,1070967,0.57,0.4,0.54,78334,3300.33,2313.72,21.78,33.76,202.55
11/27/2020,70.04,1.2,820399,0.58,0.41,0.52,78311,3427.48,1232.52,17.92,33.71,206.19
11/30/2020,68.72,1.19,981912,0.56,0.43,0.57,78108,3462.35,3604.04,17.6,32.47,209.79
12/1/2020,69.4,1.21,780283,0.65,0.37,0.49,78377,3543.6,2590.16,17.65,32.59,209.92
12/2/2020,69.04,1.21,632356,0.65,0.4,0.52,78425,3631.3,2357.93,17.27,32.1,208.95
12/3/2020,69.68,1.21,738050,0.62,0.35,0.49,78513,3740.68,2618.34,16.1,34.02,209.52
12/4/2020,68.44,1.21,753951,0.68,0.39,0.52,78834,3909.95,2559.13,14.52,31.59,210.45
12/7/2020,68.84,1.21,703546,0.62,0.37,0.5,78682,4014.72,2323.28,12.92,32.02,208.72
12/8/2020,66.36,1.21,501513,0.64,0.38,0.46,78766,4130.68,2248.23,12.95,30.71,208.62
12/9/2020,68.8,1.21,564372,0.6,0.42,0.57,78705,4217.62,2737.43,12.54,31.68,211.25
12/10/2020,69.44,1.21,754307,0.59,0.4,0.55,78600,4286.62,2382.55,12.53,33.21,212.1
12/11/2020,72,1.21,787489,0.49,0.5,0.51,78482,4304.17,2296.65,12.25,34.58,212.3
12/14/2020,73.64,1.21,752451,0.49,0.42,0.59,78255,4266.97,2504.01,11.85,37.08,213.42
12/15/2020,70.24,1.22,552024,0.57,0.43,0.55,78660,4297.92,2506.78,11.86,33.97,213.18
12/16/2020,67.96,1.22,641966,0.57,0.42,0.54,78577,4296.29,2221.12,11.08,30.86,213.72
12/17/2020,67,1.23,846934,0.64,0.37,0.47,78807,4330.72,2155.79,11.09,30.98,215.35
12/18/2020,68.32,1.23,1066747,0.61,0.46,0.55,78729,4319.75,4255.14,10.28,31.04,216.89
12/21/2020,73.76,1.22,954782,0.51,0.47,0.6,78466,4251.48,2591.63,10.34,33.3,213.13
12/22/2020,72.44,1.22,992167,0.5,0.37,0.5,78312,4152.99,2142.94,10.12,33.29,210.97
12/23/2020,69.52,1.22,1191123,0.61,0.41,0.56,78427,4111.63,1820.29,9.91,29.48,210.89
12/24/2020,67.52,1.22,846520,0.63,0.54,0.62,78573,4094.8,817.74,8.39,28.41,212.57
12/28/2020,67.28,1.22,1111751,0.68,0.44,0.56,78677,4072.39,1647.1,8.92,27.59,
12/29/2020,69.72,1.22,1019347,0.63,0.45,0.65,78412,3989.76,1634.03,8.9,32.46,212.37
12/30/2020,67.2,1.23,1163696,0.6,0.47,0.59,78650,3963.07,1541.15,8.8,30.02,211.85
12/31/2020,67.16,1.22,874406,0.59,0.56,0.65,78972,3956.08,1640.52,8.3,29.26,210.07
1/4/2021,73,1.22,1080346,0.33,0.47,0.64,78628,3868.28,2716.1,9.83,34.78,214.95
1/5/2021,70.56,1.23,766594,0.49,0.45,0.57,78859,3849.81,2345.33,10.12,33.42,215.71
1/6/2021,70.2,1.23,665855,0.69,0.39,0.59,79158,3863.38,3164.67,9.87,32.94,220.33
1/7/2021,66,1.23,771734,0.73,0.38,0.5,79362,3895.81,2564.81,10.97,29.34,217.64
1/8/2021,65.4,1.22,772471,0.76,0.44,0.58,79379,3913.66,2361.69,11.1,26.62,219.32
1/11/2021,69.36,1.22,708177,0.68,0.41,0.59,79332,3882.55,2313.83,10.99,30.5,215.06
1/12/2021,67,1.22,520117,0.67,0.34,0.49,79461,3894.69,2626.86,10.98,29,216.02
1/13/2021,65.96,1.22,567401,0.72,0.34,0.52,79364,3899.3,2329.86,11,27.6,215.68
1/14/2021,66.72,1.22,803688,0.72,0.36,0.47,79401,3950.44,2700.64,10.9,30.12,216.47
1/15/2021,68.44,1.21,903039,0.69,0.45,0.61,79274,3923.21,2724.84,10.2,32.35,215.54
1/19/2021,66.52,1.21,560190,0.73,0.37,0.55,79372,3924.57,2449.62,10.43,32.01,214.37
1/20/2021,65.24,1.21,542338,0.8,0.4,0.53,79519,3954.16,2330.89,11.33,28.73,215.8
1/21/2021,64.72,1.22,728978,0.81,0.4,0.53,79355,3929.58,2564.58,11.31,28.81,217.73
1/22/2021,65.6,1.22,755028,0.8,0.4,0.5,79218,3904.37,2283,11.22,27.83,213.61
1/25/2021,68.24,1.21,701709,0.69,0.38,0.51,79215,3839.8,2755.55,11.27,27.49,217.13
1/26/2021,68.8,1.22,468933,0.74,0.4,0.46,79079,3743.44,2533.49,11.27,29.36,216.84
1/27/2021,81,1.21,536935,0.49,0.4,0.51,78727,3540.63,3787.62,14.16,38.07,214.64
1/28/2021,79.16,1.21,750558,0.5,0.4,0.49,78949,3416.68,3232.72,14.13,38.64,212
1/29/2021,84.32,1.21,774688,0.11,0.58,0.67,78565,3226.16,3303.31,15.7,40.53,213.85
2/1/2021,79.52,1.21,628989,0.43,0.42,0.52,78858,3143.15,2422.83,16.67,37.86,213.53
2/2/2021,72.76,1.2,493338,0.62,0.4,0.53,79159,3145.55,2403.06,17.2,36.18,212.18
2/3/2021,69,1.2,618615,0.72,0.43,0.53,79169,3162.33,2260.05,16.37,34.08,213.41
2/4/2021,66,1.2,778065,0.77,0.41,0.53,79445,3239.06,2354.37,16.63,33.21,213.4
2/5/2021,65.88,1.2,868624,0.83,0.42,0.53,79583,3348.07,2121.43,16.55,32.87,216.17
2/8/2021,65.32,1.21,864783,0.83,0.39,0.46,79820,3504.13,2132.2,16.02,32.03,217.89
2/9/2021,65.6,1.21,617619,0.84,0.36,0.45,79793,3649.1,2056.93,15.91,33.34,220.97
2/10/2021,66.68,1.21,735009,0.8,0.37,0.48,79889,3762.75,2267.07,15.74,33.54,224.43
2/11/2021,65.12,1.21,1034514,0.85,0.38,0.47,79856,3831.8,2104.73,15.74,33.68,225.06
2/12/2021,62.96,1.21,1151420,0.93,0.45,0.53,80004,3893.34,1800.9,15.81,30.41,225.18
2/16/2021,63.64,1.21,738825,0.9,0.42,0.52,79954,3919.98,2257.23,15.8,30.95,229.11
2/17/2021,62.32,1.2,773422,0.86,0.39,0.5,79945,3905.06,2125.98,15.59,30.38,229.5
2/18/2021,62.64,1.21,914823,0.82,0.51,0.58,79837,3821.38,2003.55,15.49,33.21,233.58
2/19/2021,60.4,1.21,1059452,0.82,0.43,0.54,79924,3788.28,2295.72,14.75,31.99,237.15
2/22/2021,62.92,1.22,963280,0.8,0.43,0.55,79930,3739.88,2730.03,15.01,33.87,241.7
2/23/2021,60.32,1.22,714725,0.68,0.44,0.6,79966,3648.96,2936.34,14.98,32.67,241.61
2/24/2021,57.92,1.22,802230,0.76,0.35,0.48,80240,3611.72,2771.63,15.4,28.25,243.19
2/25/2021,67.16,1.22,1051149,0.55,0.47,0.62,79831,3445.07,2901.9,17.54,38.37,248.49
2/26/2021,64.12,1.21,1096348,0.47,0.63,0.68,79654,3264.36,3110.5,15.35,35.6,240.56
3/1/2021,59.36,1.2,1049692,0.66,0.38,0.55,80080,3197.19,2399.55,17.1,31.75,238.79
3/2/2021,59.88,1.21,744812,0.74,0.44,0.52,79974,3105.31,2254.48,15.88,34.82,240.44
3/3/2021,62.44,1.21,826924,0.6,0.48,0.57,79898,3007.28,2709.38,15.52,35.82,239.95
3/4/2021,65.08,1.2,1107534,0.47,0.54,0.65,79597,2822.23,3412.91,15.48,39.61,230.63
3/5/2021,60.48,1.19,1168734,0.51,0.6,0.72,80030,2745.91,3291.02,16.78,32.98,234.82
3/8/2021,61.56,1.18,1119303,0.61,0.46,0.6,80207,2707.46,2973.65,16.44,33.84,233.73
3/9/2021,59.08,1.19,825745,0.67,0.42,0.59,80201,2701.16,2773.27,17.07,33.71,231.7
3/10/2021,58.32,1.19,974221,0.72,0.42,0.56,80463,2768.11,2650.49,17.02,31.11,232.72
3/11/2021,56.88,1.2,1286894,0.8,0.44,0.53,80568,2894.97,2554.4,17.42,30.95,237.09
3/12/2021,55.8,1.2,1409771,0.83,0.44,0.55,80769,3015.61,2264.4,17.42,29.22,236.46
3/15/2021,52.64,1.19,1267345,0.83,0.38,0.52,81010,3149.32,2386.92,17.54,26.77,236.7
3/16/2021,52.64,1.19,1092548,0.89,0.43,0.61,80815,3201.1,2362.35,17.47,29.68,233.76
3/17/2021,50.36,1.2,1146539,0.86,0.44,0.59,80940,3253.32,2443.45,17.5,26.58,235.9
3/18/2021,53.16,1.19,1413141,0.84,0.47,0.56,80811,3191.1,2666.76,18.2,29.8,237.04
3/19/2021,51.08,1.19,1477841,0.79,0.51,0.65,80768,3143.64,4533.88,18.16,30.1,235.4
3/22/2021,47.76,1.19,1360290,0.83,0.39,0.58,80829,3073.55,2296.94,18.37,28.7,239.28
3/23/2021,50,1.18,1076453,0.86,0.44,0.68,80564,2912.76,2480.68,18.36,33.9,236.59
3/24/2021,50.44,1.18,1164954,0.83,0.57,0.73,80579,2743.96,2394.18,18.43,32.79,234.47
3/25/2021,48.92,1.18,1444744,0.83,0.58,0.74,80881,2640.77,2389.96,18.12,30.65,231.89
3/26/2021,46.96,1.18,1535156,0.93,0.58,0.75,81280,2634.44,2638.48,16.96,27.2,236.58
3/29/2021,48.04,1.18,1406234,0.86,0.51,0.68,81187,2563.81,2371.02,16.87,28.83,236.22
3/30/2021,45.96,1.17,1130520,0.86,0.48,0.63,81174,2537.19,2105.07,14.83,28.52,233.02
3/31/2021,45.6,1.17,1278113,0.9,0.42,0.58,81100,2522.21,2409.91,14.66,27.68,233.44
4/1/2021,44.2,1.18,1562239,0.98,0.42,0.58,81363,2601.68,2144.52,14.4,25.62,231.77
4/5/2021,43.08,1.18,1561959,1.02,0.41,0.54,81677,2704.47,2218.23,14.47,25.22,
4/6/2021,43.08,1.19,1195306,1.02,0.41,0.54,81713,2818.33,2120.11,12.95,28.19,238.01
4/7/2021,41.96,1.19,1230939,1.05,0.47,0.57,81589,2882.75,1921.6,12.83,26.39,237.07
4/8/2021,41.32,1.19,1510829,1.08,0.45,0.57,81603,2969.65,1998.79,12.01,27.8,238.06
4/9/2021,41.24,1.19,1549181,1.13,0.5,0.59,81827,3051.56,1867.13,12.07,27.14,237.48
4/12/2021,40.64,1.19,1468972,1.11,0.48,0.57,81954,3111.14,1917.79,11.49,27.67,235.09
4/13/2021,40.36,1.19,1085034,1.14,0.44,0.52,81898,3146.87,2021.05,11.52,27.45,235.48
4/14/2021,41.24,1.2,1152703,1.15,0.43,0.55,81915,3194.78,2078.95,11.4,27.99,237.98
4/15/2021,39.88,1.2,1491435,1.14,0.48,0.58,82182,3268.73,2109.78,11.97,27.97,241.77
4/16/2021,39.24,1.2,1468218,1.18,0.44,0.58,82395,3340.65,2184.59,11.98,28.1,244
4/19/2021,40.68,1.2,1412500,1.12,0.45,0.68,82228,3335.85,1965.54,11.03,33.65,244.74
4/20/2021,41.6,1.2,1082443,1.05,0.48,0.67,82100,3241.91,2285.8,11.26,34.83,244.61
4/21/2021,39.36,1.2,1164099,1.13,0.43,0.59,82436,3245.44,2080.93,11.37,33.06,244.13
4/22/2021,41.8,1.2,1509649,1.11,0.52,0.62,82214,3200.82,2378.49,11.44,37.1,246.34
4/23/2021,40.17,1.21,1521393,1.17,0.55,0.62,82524,3242.97,1995.53,11.85,35.01,247.32
4/26/2021,39.82,1.21,1369410,1.14,0.43,0.53,82549,3310,1907.37,11.72,33.75,251.99
4/27/2021,39.01,1.21,1077199,1.17,0.5,0.6,82601,3355.1,2000.11,10.36,33.62,254.27
4/28/2021,38.87,1.21,1184326,1.2,0.43,0.55,82561,3410.44,2093.99,10.36,34.38,255.09
4/29/2021,38.57,1.21,1526681,1.18,0.47,0.57,82849,3454.05,2491.32,10.53,35.76,259.55
4/30/2021,40.16,1.2,1558553,1.12,0.59,0.71,82610,3421.32,2414.5,10.71,40.16,257.45
5/3/2021,38.75,1.21,1463672,1.15,0.51,0.59,82775,3444.33,2167.47,10.13,38.35,
5/4/2021,40.21,1.2,1134103,1.01,0.56,0.69,82756,3428.53,2531.66,9.13,40.06,259.95
5/5/2021,39.19,1.2,1268938,1.12,0.46,0.62,82807,3412.63,2291.34,9.12,40.62,260.76
5/6/2021,38.95,1.21,1644050,1.09,0.57,0.67,83062,3403.92,2226.14,9.49,37.21,263.92
5/7/2021,36.74,1.22,1703267,1.21,0.51,0.63,83358,3466.76,2028.77,9.69,35.41,269.8
5/10/2021,38.35,1.21,1657722,1.19,0.59,0.67,83310,3451,2293.84,9.96,39.1,268.26
5/11/2021,41.21,1.21,1315493,0.99,0.57,0.71,82982,3345.32,2432.73,10.48,42.59,269.7
5/12/2021,48.4,1.21,1424664,0.81,0.63,0.84,82549,3122.03,2392.12,12.73,49.24,267.06
5/13/2021,43.75,1.21,1743515,0.89,0.63,0.77,82934,2979.62,2161.04,13.27,42.93,263.41
5/14/2021,38.61,1.21,1716561,1.12,0.54,0.69,83296,2953.3,1902.86,13.74,38.32,262.49
5/17/2021,39.87,1.22,1734541,1.03,0.55,0.62,83201,2929.64,2262.49,13.71,38.22,266.45
5/18/2021,40.45,1.22,1408017,1.09,0.48,0.6,82908,2886.2,2280.97,13.93,42.32,267.57
5/19/2021,42.35,1.22,1496089,0.93,0.58,0.79,82695,2791.29,2391.13,13.74,41.46,258.6
5/20/2021,39.99,1.22,1728496,1.03,0.48,0.6,82901,2757.18,2138.23,13.83,40.33,259.51
5/21/2021,39.48,1.22,1820433,1.05,0.53,0.64,82966,2749.58,2165.23,13.5,40.77,256.01
5/24/2021,37.73,1.22,1747353,1.15,0.41,0.62,83206,2785.38,1843.2,13.46,38.34,256.58
5/25/2021,37.7,1.23,1470840,1.16,0.49,0.63,83041,2765.57,2106.12,13.46,38.91,256.12
5/26/2021,35.9,1.22,1618169,1.21,0.44,0.51,83191,2798.55,2051.49,13.48,36.03,257.55
5/27/2021,34.16,1.22,1854534,1.32,0.41,0.5,83351,2862.61,3375.73,13.48,34.03,264.68
5/28/2021,34.7,1.22,1959593,1.33,0.45,0.55,83428,2940.11,1948.27,13.33,32.98,266.23
6/1/2021,35.53,1.22,1682752,1.26,0.42,0.51,83495,3071.33,2066.55,13.11,34.83,265.94
6/2/2021,34.61,1.22,1587910,1.29,0.37,0.44,83517,3190.41,2022.97,13.09,34.92,264.34
6/3/2021,35.25,1.21,1815931,1.27,0.41,0.49,83505,3261.08,2202.17,12.99,35.61,256.68
6/4/2021,33.39,1.22,1879885,1.34,0.44,0.55,83662,3356.54,1871.89,13.36,32.88,260.88
6/7/2021,32.79,1.22,1828396,1.36,0.43,0.49,83497,3448.13,1742.42,13.1,32.27,258.03
6/8/2021,33.14,1.22,1560561,1.34,0.35,0.45,83570,3560.29,2115.86,12.85,33.55,259.82
6/9/2021,33.68,1.22,1669537,1.28,0.36,0.38,83408,3634.44,1796.53,12.41,35.35,260.81
6/10/2021,31.73,1.22,1975189,1.35,0.43,0.55,83469,3695.02,1946.09,12.07,31.34,259.43
6/11/2021,30.82,1.21,2028961,1.38,0.48,0.52,83672,3785.99,1674.49,9.64,30.95,264.2
6/14/2021,31.11,1.21,1800954,1.35,0.36,0.52,83551,3835.44,1838.57,8.83,32.17,263.26
6/15/2021,31.79,1.21,1678688,1.33,0.45,0.54,83604,3854.34,1817.82,7.22,33.32,256.44
6/16/2021,32.07,1.2,1792370,1.3,0.55,0.6,83301,3817.83,2209.76,7.44,35.54,255.38
6/17/2021,31.89,1.19,2039425,1.22,0.49,0.56,83159,3722.87,2569.73,6.81,35.86,250.48
6/18/2021,34.69,1.19,2081115,1.11,0.56,0.69,82758,3545.17,3605.77,8.24,41.45,247.54
6/21/2021,32.54,1.19,2030577,1.18,0.42,0.57,83217,3461.01,2011.13,8.7,37.42,244.36
6/22/2021,30.87,1.19,1795141,1.26,0.47,0.58,83242,3390.24,1775.13,8.95,32.24,247.53
6/23/2021,30.29,1.19,1801329,1.31,0.39,0.48,83145,3325.39,1755.03,8.3,31.57,249.87
6/24/2021,29.7,1.19,2085327,1.32,0.4,0.49,83402,3319.81,1855.11,8.5,29.75,252.06
6/25/2021,29.15,1.19,2137584,1.37,0.48,0.53,83700,3314.9,2634.44,8.58,28.81,254.42
6/28/2021,29.15,1.19,2066964,1.29,0.42,0.49,83609,3268.62,1975.14,8.6,27.72,253.46
6/29/2021,29.77,1.19,1808306,1.32,0.43,0.49,83563,3203.66,1809.94,8.58,28.63,254.21
6/30/2021,29.46,1.19,1920663,1.32,0.4,0.52,83649,3162.35,1935.25,8.59,29.47,256.86
7/1/2021,28.98,1.19,2147090,1.36,0.44,0.51,83955,3166.26,1816.92,8.75,29.79,254.13
7/2/2021,28.91,1.19,2196411,1.41,0.51,0.6,84063,3162.78,1526.48,9,29.66,255
7/6/2021,29.57,1.18,1889911,1.29,0.51,0.63,83866,3100.39,2053.61,8.48,30.31,255.28
7/7/2021,29.63,1.18,1880160,1.29,0.52,0.58,84029,3030.29,1922.22,8.58,31.48,257.15
7/8/2021,31.55,1.18,2027364,1.22,0.59,0.68,83655,2875.21,2056.33,9.06,33.05,252.52
7/9/2021,29.43,1.19,2147903,1.37,0.53,0.59,84071,2826.99,1767.59,9.71,29.46,256.61
7/12/2021,29.24,1.19,2093066,1.34,0.49,0.58,84168,2802.37,1699.71,9.7,30.59,255.15
7/13/2021,29.59,1.18,1832878,1.35,0.48,0.61,83812,2689.91,1755.27,9.74,33.55,255.55
7/14/2021,28.91,1.18,1900945,1.32,0.49,0.62,83797,2560.61,2015.7,9.72,33.28,256.03
7/15/2021,29.33,1.18,2152053,1.27,0.59,0.72,83770,2405.71,1982.55,9.77,34.6,256.3
7/16/2021,30.55,1.18,2199815,1.25,0.69,0.77,83583,2199.88,2011.49,9.94,38.92,257.53
7/19/2021,34.91,1.18,2141429,0.85,0.53,0.83,83198,1899.76,2814.84,11.27,44.59,252.11
7/20/2021,31.97,1.18,1871986,1.04,0.44,0.61,83597,1747.75,2410.47,11.4,39.47,253.25
7/21/2021,29.94,1.18,1934918,1.17,0.46,0.58,83840,1691.19,2108.5,10.83,36.16,253.87
7/22/2021,30.47,1.18,2101343,1.16,0.57,0.63,83733,1577.33,1836.51,10.65,36.43,256.77
7/23/2021,30.33,1.18,2159300,1.24,0.61,0.64,84054,1517.19,1772.11,11.16,35.41,260.36
7/26/2021,29.85,1.18,2124474,1.19,0.54,0.62,84109,1484.04,1788.94,11.03,34.89,261.95
7/27/2021,30.86,1.18,1858328,1.07,0.59,0.75,84088,1407.02,2060.88,11.04,35.29,263.41
7/28/2021,29.99,1.18,1923980,1.16,0.52,0.52,84032,1379.13,2087.6,11.03,37.11,263.87
7/29/2021,29.49,1.19,2127634,1.23,0.48,0.58,84307,1414.6,2003.73,11.13,36.76,266.43
7/30/2021,30.21,1.19,2198585,1.18,0.56,0.73,84226,1417.15,2225.31,11.26,39.63,268.53
8/2/2021,31.38,1.19,2031758,1.11,0.51,0.62,84147,1405.29,1965.27,11.15,41.61,268.42
8/3/2021,29.81,1.19,1797120,1.16,0.47,0.64,84419,1426.52,2192.35,11.22,37.11,264.75
8/4/2021,29.77,1.18,1855299,1.15,0.52,0.55,84157,1386.45,2319.08,11.32,37.83,262.62
8/5/2021,29.05,1.18,2063720,1.2,0.52,0.57,84376,1407.95,1958.7,11.42,36.51,262.83
8/6/2021,28.3,1.18,2109091,1.26,0.55,0.64,84511,1456.99,1833.24,11.06,35.45,264.44
8/9/2021,28.01,1.17,2022858,1.21,0.49,0.59,84372,1457.29,1706.65,10.49,36.31,258.81
8/10/2021,27.53,1.17,1727075,1.23,0.43,0.55,84518,1468.41,1913.14,10.4,35.52,260.74
8/11/2021,26.78,1.17,1761348,1.26,0.52,0.57,84781,1531.62,1869.58,10.37,34.32,262.6
8/12/2021,26.24,1.17,2045301,1.31,0.53,0.61,84756,1570.36,1624.26,10.41,32.77,264.32
8/13/2021,26.28,1.18,2065379,1.28,0.57,0.63,84796,1592.98,1520.93,10.35,33.48,263.27
8/16/2021,26.32,1.18,1980585,1.26,0.54,0.64,84863,1561.51,1731.92,10.03,33.82,263.47
8/17/2021,27.2,1.17,1607238,1.13,0.58,0.71,84660,1455.04,1907.52,8.83,34.7,261.64
8/18/2021,29.07,1.17,1678231,1.18,0.52,0.68,84264,1288.39,1887.91,8.2,42.29,259.1
8/19/2021,30.01,1.17,1945026,1.03,0.61,0.8,84226,1075.35,2198.88,7.72,41.62,250.87
8/20/2021,27.76,1.17,1990608,1.15,0.57,0.72,84555,963.98,1811.85,8.13,37.65,253.11
8/23/2021,26.81,1.17,1820355,1.2,0.41,0.59,84756,929.89,1828.74,7.99,34.36,258.14
8/24/2021,26.71,1.18,1468219,1.22,0.39,0.48,84878,958.9,1736.07,7.96,34.39,260.3
8/25/2021,26.13,1.18,1539707,1.28,0.42,0.55,85098,1011.5,1765.7,7.85,33.36,262.32
8/26/2021,27.25,1.18,1826310,1.23,0.55,0.67,84799,975.62,1639.66,8.11,36.52,260.66
8/27/2021,25.85,1.18,1853622,1.3,0.49,0.6,85174,1053.21,1662.94,8.52,33.49,262.48
8/30/2021,25.59,1.18,1629475,1.29,0.42,0.52,85167,1096.29,1561.44,8.46,32.72,
8/31/2021,25.49,1.18,1345064,1.28,0.46,0.59,85193,1151.18,2153.68,8.44,32.65,265.36
9/1/2021,24.82,1.18,1465197,1.33,0.45,0.55,85178,1237.07,1924.12,7.96,31.81,261.88
9/2/2021,24.77,1.19,1896846,1.32,0.42,0.52,85433,1359.66,1777.16,7.85,31.18,262.72
9/3/2021,24.94,1.19,2129999,1.33,0.5,0.6,85244,1433.68,1517.54,7.56,32.68,263.16
9/7/2021,25.55,1.18,1662932,1.29,0.43,0.54,84927,1430.7,1772.55,7.63,35.23,262.93
9/8/2021,25.51,1.18,1439804,1.23,0.42,0.63,84925,1388.04,1769.46,7.64,35.32,263.17
9/9/2021,26.05,1.18,1685668,1.24,0.47,0.58,84809,1347.93,1813.28,7.8,38.29,266.55
9/10/2021,27.06,1.18,1792979,1.26,0.53,0.72,84569,1268.3,1846.67,8.16,40.35,271.94
9/13/2021,26.09,1.18,1672895,1.17,0.46,0.65,84676,1240.47,2034.26,8.13,39.97,273.5
9/14/2021,26.46,1.18,1271516,1.15,0.55,0.67,84442,1152.18,2004.64,8.33,40.74,266.92
9/15/2021,25.43,1.18,1455913,1.22,0.49,0.66,84733,1140.28,2097.29,8.76,39.05,270.18
9/16/2021,25.18,1.18,1851345,1.22,0.49,0.6,84614,1116.85,1824.69,8.46,39.67,267.68
9/17/2021,26.81,1.17,1942337,1.16,0.56,0.7,84320,1051.58,3734.01,8.25,43.38,270.27
9/20/2021,29.74,1.17,1820152,0.77,0.54,0.88,83915,882.22,2569.67,10.1,47.96,262.5
9/21/2021,28.86,1.17,1338166,0.91,0.44,0.68,83756,753.46,1909.09,9.75,48.66,262.4
9/22/2021,27.07,1.17,1460478,1,0.48,0.69,84088,744.9,1990.76,9.8,44.13,265.34
9/23/2021,25.36,1.17,1904732,1.18,0.43,0.63,84449,789.15,1961.87,10.63,39.32,267.42
9/24/2021,24.58,1.17,2019891,1.24,0.57,0.73,84504,799.15,1676.41,10.62,37.91,267.8
9/27/2021,24.82,1.17,1849171,1.19,0.43,0.57,84531,839.99,2027.09,10.46,39.76,267.51
9/28/2021,27.41,1.17,1334997,0.93,0.55,0.8,84137,775.27,2378.14,12.19,47.47,266.51
9/29/2021,27.81,1.16,1448369,0.95,0.51,0.71,84226,749.85,1895.66,12.1,46.01,266.07
9/30/2021,27.83,1.16,1934592,0.89,0.58,0.78,83807,682.87,2279.78,12.77,46.65,260.08
10/1/2021,26.82,1.16,2011794,1,0.56,0.75,84103,694.14,2194.61,13.29,44.08,261.46
10/4/2021,27.57,1.16,1842054,0.85,0.59,0.71,83903,655.65,2420.2,13.92,45.17,264.65
10/5/2021,26.55,1.16,1390201,1.03,0.45,0.66,84135,651.12,2018.96,14.31,44.2,262.42
10/6/2021,26.21,1.16,1563565,0.97,0.48,0.73,84198,636.19,2052.23,14.35,42.79,262.5
10/7/2021,25.26,1.16,2063090,1.14,0.52,0.68,84483,692.64,1937.36,14.63,41.84,263.63
10/8/2021,24.79,1.16,2169783,1.17,0.55,0.71,84360,726.44,1689.83,14.55,41.08,267.2
10/11/2021,25.12,1.16,2083627,,,,,,1684.55,14.54,43.21,274.98
10/12/2021,24.61,1.15,1695970,1.1,0.41,0.7,84081,780.22,1946.38,14.55,40.54,277.54
10/13/2021,24.14,1.16,1641419,1.1,0.48,0.63,84155,858.11,1924.48,14.47,41.29,280.48
10/14/2021,22.81,1.16,2048398,1.2,0.45,0.65,84608,1015.12,1927.43,15.3,38.86,286.61
10/15/2021,22.79,1.16,2070878,1.3,0.48,0.62,84758,1145.73,2048.19,15.5,39.68,298.98
10/18/2021,22.37,1.16,2001297,1.27,0.42,0.56,84728,1251.57,1848.18,15.19,38.86,299.73
10/19/2021,22.15,1.16,1446353,1.32,0.4,0.51,84965,1364.26,1687.7,14.27,38.42,300.31
10/20/2021,21.95,1.17,1647089,1.33,0.42,0.54,85240,1518.64,1830.34,14.32,36.51,289.95
10/21/2021,21.22,1.16,2046694,1.36,0.44,0.55,85301,1638.64,1879.9,14,35.18,288.08
10/22/2021,21.7,1.16,2108582,1.3,0.53,0.62,85452,1740.85,1806.97,13.37,35.76,284.86
10/25/2021,21.06,1.16,1989373,1.33,0.41,0.51,85488,1868.38,1828.72,13.48,32.77,285.22
10/26/2021,21.47,1.16,1503587,1.26,0.43,0.54,85435,1955.78,1989.18,13.45,33.13,282.06
10/27/2021,21.95,1.16,1547075,1.24,0.51,0.61,85093,1953.72,2231.92,11.62,37.8,274.51
10/28/2021,21.27,1.17,1927041,1.26,0.36,0.48,85403,2012.3,2156.17,12.05,32.59,275.93
10/29/2021,21.44,1.16,1982773,1.25,0.46,0.56,85329,2052.72,2320.4,11.35,31.81,277.18
11/1/2021,21.1,1.16,1992577,1.23,0.4,0.5,85501,2164.97,2009.15,10.75,30.64,276.42
11/2/2021,20.53,1.16,1487874,1.25,0.37,0.47,85579,2240.81,2133.49,9.98,29.73,274.55
11/3/2021,19.82,1.16,1525948,1.26,0.39,0.45,85754,2355.36,2129.83,9.65,26.9,275.18
11/4/2021,20.05,1.16,1940302,1.3,0.39,0.49,85678,2428.51,2539.56,9.65,24.82,272.46
11/5/2021,20.83,1.16,2035406,1.25,0.44,0.51,85829,2538.82,2586.96,9.28,25.39,267.08
11/8/2021,20.86,1.16,1955530,1.2,0.36,0.44,85881,2642.49,2190.97,9.26,26.63,270.79
11/9/2021,21.21,1.16,1456657,1.13,0.44,0.48,85888,2713.91,2058.38,9,26.38,274.05
11/10/2021,21.6,1.15,1691526,1.17,0.48,0.61,85776,2704.86,2129.39,9.41,29.8,270.14
