DATE,UMCSENT,UMCSENT_CHG,PCE,PCE_CHG
01-01-78,83.7,0,1336,0
02-01-78,84.3,0.007168459,1329.5,-0.004865269
03-01-78,78.8,-0.065243179,1355.1,0.019255359
04-01-78,81.6,0.035532995,1377.5,0.016530145
05-01-78,82.9,0.015931373,1396.4,0.013720508
06-01-78,80,-0.034981906,1412,0.011171584
07-01-78,82.4,0.03,1425.8,0.009773371
08-01-78,78.4,-0.048543689,1426.8,0.000701361
09-01-78,80.4,0.025510204,1447,0.014157555
10-01-78,79.3,-0.013681592,1452.9,0.004077402
11-01-78,75,-0.054224464,1466.9,0.009635901
12-01-78,66.1,-0.118666667,1480.6,0.009339423
01-01-79,72.1,0.090771558,1496.5,0.01073889
02-01-79,73.9,0.024965326,1502.4,0.003942533
03-01-79,68.4,-0.074424899,1517.8,0.010250266
04-01-79,66,-0.035087719,1531.2,0.008828568
05-01-79,68.1,0.031818182,1538.4,0.004702194
06-01-79,65.8,-0.033773862,1558.8,0.01326053
07-01-79,60.4,-0.082066869,1575.7,0.010841673
08-01-79,64.5,0.067880795,1586.1,0.006600241
09-01-79,66.7,0.034108527,1615.6,0.01859908
10-01-79,62.1,-0.068965517,1633.9,0.011327061
11-01-79,63.3,0.019323671,1641.6,0.004712651
12-01-79,61,-0.036334913,1657.3,0.00956384
01-01-80,67,0.098360656,1666.3,0.00543052
02-01-80,66.9,-0.001492537,1697.3,0.018604093
03-01-80,56.5,-0.155455904,1701.4,0.002415601
04-01-80,52.7,-0.067256637,1708.2,0.003996709
05-01-80,51.7,-0.018975332,1695.2,-0.00761035
06-01-80,58.7,0.135396518,1700.1,0.002890514
07-01-80,62.3,0.06132879,1718.8,0.010999353
08-01-80,67.3,0.080256822,1747.1,0.016464976
09-01-80,73.7,0.095096582,1763.8,0.009558697
10-01-80,75,0.017639077,1780.5,0.009468194
11-01-80,76.7,0.022666667,1817.1,0.020556024
12-01-80,64.5,-0.159061278,1826.8,0.005338176
01-01-81,71.4,0.106976744,1851.7,0.013630392
02-01-81,66.9,-0.06302521,1870,0.00988281
03-01-81,66.5,-0.005979073,1884.2,0.007593583
04-01-81,72.4,0.088721805,1902.9,0.009924636
05-01-81,76.3,0.053867403,1904.4,0.000788271
06-01-81,73.1,-0.041939712,1913.8,0.004935938
07-01-81,74.1,0.013679891,1934.5,0.010816177
08-01-81,77.2,0.041835358,1942.1,0.003928664
09-01-81,73.1,-0.053108808,1966.6,0.01261521
10-01-81,70.3,-0.038303694,1965.5,-0.000559341
11-01-81,62.5,-0.110953058,1963.9,-0.000814042
12-01-81,64.3,0.0288,1970.6,0.003411579
01-01-82,71,0.104199067,1988.8,0.009235766
02-01-82,66.5,-0.063380282,1997.1,0.004173371
03-01-82,62,-0.067669173,2021.2,0.012067498
04-01-82,65.5,0.056451613,2024.1,0.001434791
05-01-82,67.5,0.030534351,2026.3,0.001086903
06-01-82,65.7,-0.026666667,2044.5,0.008981888
07-01-82,65.4,-0.00456621,2048.1,0.001760822
08-01-82,65.4,0,2072.2,0.011767004
09-01-82,69.3,0.059633028,2080.1,0.003812373
10-01-82,73.4,0.059163059,2104.6,0.01177828
11-01-82,72.1,-0.017711172,2125.8,0.010073173
12-01-82,71.9,-0.002773925,2149.3,0.011054662
01-01-83,70.4,-0.020862309,2161.6,0.005722793
02-01-83,74.6,0.059659091,2174,0.005736491
03-01-83,80.8,0.08310992,2177,0.001379945
04-01-83,89.1,0.102722772,2202.8,0.011851171
05-01-83,93.3,0.047138047,2226.4,0.010713637
06-01-83,92.2,-0.011789925,2245.9,0.008758534
07-01-83,92.8,0.006507592,2276,0.0134022
08-01-83,90.9,-0.020474138,2304.4,0.012478032
09-01-83,89.9,-0.0110011,2320.4,0.006943239
10-01-83,89.3,-0.006674082,2334.9,0.006248923
11-01-83,91.1,0.020156775,2357.6,0.009722044
12-01-83,94.2,0.03402854,2366.3,0.003690193
01-01-84,100.1,0.062632696,2393.6,0.011536999
02-01-84,97.4,-0.026973027,2419.4,0.010778743
03-01-84,101,0.036960986,2403.5,-0.006571877
04-01-84,96.1,-0.048514851,2431.6,0.011691284
05-01-84,98.1,0.020811655,2457.5,0.010651423
06-01-84,95.5,-0.026503568,2474.5,0.006917599
07-01-84,96.6,0.011518325,2495.6,0.008526975
08-01-84,99.1,0.025879917,2494.6,-0.000400705
09-01-84,100.9,0.018163471,2512.2,0.007055239
10-01-84,96.3,-0.045589693,2533.8,0.008598042
11-01-84,95.7,-0.00623053,2531.3,-0.00098666
12-01-84,92.9,-0.029258098,2571.4,0.015841662
01-01-85,96,0.033369214,2582.6,0.004355604
02-01-85,93.7,-0.023958333,2618.8,0.014016882
03-01-85,93.7,0,2640.8,0.008400794
04-01-85,94.6,0.009605123,2648.5,0.002915783
05-01-85,91.8,-0.029598309,2659.5,0.004153294
06-01-85,96.5,0.051198257,2696.4,0.013874788
07-01-85,94,-0.025906736,2689.4,-0.002596054
08-01-85,92.4,-0.017021277,2715.7,0.009779133
09-01-85,92.1,-0.003246753,2752.1,0.013403542
10-01-85,88.4,-0.040173724,2794.7,0.015479089
11-01-85,90.9,0.028280543,2755.8,-0.013919204
12-01-85,93.9,0.0330033,2771.1,0.005551927
01-01-86,95.6,0.018104366,2811.3,0.014506875
02-01-86,95.9,0.003138075,2827.1,0.005620176
03-01-86,95.1,-0.008342023,2820.2,-0.002440664
04-01-86,96.2,0.011566772,2823.6,0.001205588
05-01-86,94.8,-0.014553015,2835.2,0.004108231
06-01-86,99.3,0.047468354,2857.5,0.007865406
07-01-86,97.7,-0.01611279,2861.7,0.001469816
08-01-86,94.9,-0.028659161,2881.2,0.006814131
09-01-86,91.9,-0.031612223,2898.6,0.00603915
10-01-86,95.6,0.040261153,2971.8,0.025253571
11-01-86,91.4,-0.043933054,2932.9,-0.01308971
12-01-86,89.1,-0.025164114,2928.4,-0.001534318
01-01-87,90.4,0.014590348,2997.1,0.02345991
02-01-87,90.2,-0.002212389,2935.5,-0.020553201
03-01-87,90.8,0.006651885,3001.7,0.022551524
04-01-87,92.8,0.022026432,3013.3,0.003864477
05-01-87,91.1,-0.018318966,3038.8,0.008462483
06-01-87,91.5,0.004390779,3048.4,0.003159142
07-01-87,93.7,0.024043716,3072.8,0.008004199
08-01-87,94.4,0.007470651,3094.7,0.00712705
09-01-87,93.6,-0.008474576,3130.8,0.011665105
10-01-87,89.3,-0.045940171,3126.5,-0.001373451
11-01-87,83.1,-0.069428891,3134.5,0.002558772
12-01-87,86.8,0.044524669,3144.2,0.003094592
01-01-88,90.8,0.046082949,3174.1,0.009509573
02-01-88,91.6,0.008810573,3213.7,0.012475977
03-01-88,94.6,0.032751092,3221.4,0.002395992
04-01-88,91.2,-0.035940803,3260.5,0.01213758
05-01-88,94.8,0.039473684,3263,0.000766754
06-01-88,94.7,-0.001054852,3293.6,0.009377873
07-01-88,93.4,-0.013727561,3318.5,0.007560117
08-01-88,97.4,0.042826552,3342.7,0.007292451
09-01-88,97.3,-0.001026694,3368,0.007568732
10-01-88,94.1,-0.032887975,3375,0.002078385
11-01-88,93,-0.011689692,3413.7,0.011466667
12-01-88,91.9,-0.011827957,3430.2,0.004833465
01-01-89,97.9,0.065288357,3459.7,0.008600082
02-01-89,95.4,-0.025536261,3483.7,0.006937018
03-01-89,94.3,-0.011530398,3488,0.00123432
04-01-89,91.5,-0.029692471,3498.8,0.00309633
05-01-89,90.7,-0.008743169,3543,0.012632903
06-01-89,90.6,-0.001102536,3551.8,0.002483771
07-01-89,92,0.015452539,3566.6,0.004166901
08-01-89,89.6,-0.026086957,3585.7,0.00535524
09-01-89,95.8,0.069196429,3620.6,0.009733107
10-01-89,93.9,-0.019832985,3621.9,0.000359057
11-01-89,90.9,-0.031948882,3633.6,0.003230349
12-01-89,90.5,-0.00440044,3643.3,0.002669529
01-01-90,93,0.027624309,3684.2,0.011226086
02-01-90,89.5,-0.037634409,3730.7,0.012621465
03-01-90,91.3,0.020111732,3728.2,-0.000670116
04-01-90,93.9,0.028477547,3754.9,0.007161633
05-01-90,90.6,-0.03514377,3770,0.004021412
06-01-90,88.3,-0.025386313,3775.8,0.001538462
07-01-90,88.2,-0.001132503,3804.5,0.007601038
08-01-90,76.4,-0.133786848,3821.7,0.004520962
09-01-90,72.8,-0.047120419,3848.3,0.006960253
10-01-90,63.9,-0.122252747,3870.1,0.005664839
11-01-90,66,0.03286385,3870.6,0.000129196
12-01-90,65.5,-0.007575758,3871.9,0.000335865
01-01-91,66.8,0.019847328,3861.3,-0.002737674
02-01-91,70.4,0.053892216,3841,-0.005257297
03-01-91,87.7,0.245738636,3866.7,0.006690966
04-01-91,81.8,-0.0672748,3913,0.011974035
05-01-91,78.3,-0.042787286,3907.1,-0.001507795
06-01-91,82.1,0.04853129,3933.2,0.006680146
07-01-91,82.9,0.009744214,3940.5,0.001855995
08-01-91,82,-0.010856454,3966,0.00647126
09-01-91,83,0.012195122,3969.1,0.000781644
10-01-91,78.3,-0.056626506,3984.7,0.003930362
11-01-91,69.1,-0.117496807,3976,-0.002183351
12-01-91,68.2,-0.013024602,4003.6,0.00694165
01-01-92,67.5,-0.01026393,4020.5,0.004221201
02-01-92,68.8,0.019259259,4084.7,0.015968163
03-01-92,76,0.104651163,4099.5,0.003623277
04-01-92,77.2,0.015789474,4117,0.004268813
05-01-92,79.2,0.025906736,4131.5,0.003521982
06-01-92,80.4,0.015151515,4158.4,0.006510952
07-01-92,76.6,-0.047263682,4177.1,0.004496922
08-01-92,76.1,-0.006527415,4204.8,0.006631395
09-01-92,75.6,-0.006570302,4220.9,0.003828957
10-01-92,73.3,-0.03042328,4255.3,0.008149921
11-01-92,85.3,0.163710778,4284.7,0.006909031
12-01-92,91,0.066822978,4300.5,0.003687539
01-01-93,89.3,-0.018681319,4336.4,0.008347867
02-01-93,86.6,-0.030235162,4340.7,0.000991606
03-01-93,85.9,-0.008083141,4355.3,0.003363513
04-01-93,85.6,-0.003492433,4352.5,-0.000642895
05-01-93,80.3,-0.061915888,4393.4,0.009396898
06-01-93,81.5,0.01494396,4422.4,0.00660081
07-01-93,77,-0.055214724,4440,0.00397974
08-01-93,77.3,0.003896104,4468.9,0.006509009
09-01-93,77.9,0.007761966,4481.1,0.002729978
10-01-93,82.7,0.061617458,4511.5,0.006784049
11-01-93,81.2,-0.018137848,4532.8,0.004721268
12-01-93,88.2,0.086206897,4554.1,0.004699082
01-01-94,94.3,0.069160998,4571.1,0.0037329
02-01-94,93.2,-0.011664899,4585.1,0.00306272
03-01-94,91.5,-0.018240343,4632.6,0.010359643
04-01-94,92.6,0.012021858,4646,0.002892544
05-01-94,92.8,0.002159827,4671.1,0.005402497
06-01-94,91.2,-0.017241379,4669.5,-0.000342532
07-01-94,89,-0.024122807,4708.9,0.008437734
08-01-94,91.7,0.030337079,4720.6,0.002484657
09-01-94,91.5,-0.002181025,4762.6,0.008897174
10-01-94,92.7,0.013114754,4775,0.00260362
11-01-94,91.6,-0.011866235,4812.9,0.007937173
12-01-94,95.1,0.038209607,4825.6,0.002638742
01-01-95,97.6,0.026288118,4841.6,0.00331565
02-01-95,95.1,-0.025614754,4851.2,0.001982816
03-01-95,90.3,-0.050473186,4850.8,-8.24538E-05
04-01-95,92.5,0.024363234,4885.4,0.007132844
05-01-95,89.8,-0.029189189,4890.2,0.000982519
06-01-95,92.7,0.032293987,4933.1,0.008772647
07-01-95,94.4,0.018338727,4977.5,0.009000426
08-01-95,96.2,0.019067797,4970.2,-0.0014666
09-01-95,88.9,-0.075883576,5005.3,0.00706209
10-01-95,90.2,0.014623172,5020.5,0.003036781
11-01-95,88.2,-0.022172949,5013.9,-0.00131461
12-01-95,91,0.031746032,5055.6,0.008316879
01-01-96,89.3,-0.018681319,5097.5,0.008287839
02-01-96,88.5,-0.008958567,5085.7,-0.00231486
03-01-96,93.7,0.058757062,5132.8,0.009261262
04-01-96,92.7,-0.010672359,5173.3,0.00789043
05-01-96,89.4,-0.035598706,5208,0.006707517
06-01-96,92.4,0.033557047,5223.8,0.003033794
07-01-96,94.7,0.024891775,5229.8,0.001148589
08-01-96,95.3,0.006335797,5251.9,0.004225783
09-01-96,94.7,-0.006295908,5275,0.004398408
10-01-96,96.5,0.019007392,5296.6,0.004094787
11-01-96,99.2,0.027979275,5328.5,0.006022732
12-01-96,96.9,-0.023185484,5351.2,0.004260111
01-01-97,97.4,0.005159959,5378.6,0.005120347
02-01-97,99.7,0.023613963,5411.1,0.006042465
03-01-97,100,0.003009027,5434,0.004232042
04-01-97,101.4,0.014,5454.2,0.003717335
05-01-97,103.2,0.017751479,5459.3,0.000935059
06-01-97,104.5,0.012596899,5460.2,0.000164856
07-01-97,107.1,0.024880383,5494.2,0.006226878
08-01-97,104.4,-0.025210084,5548.8,0.009937753
09-01-97,106,0.01532567,5587,0.006884371
10-01-97,105.6,-0.003773585,5601.7,0.002631108
11-01-97,107.2,0.015151515,5637.7,0.00642662
12-01-97,102.1,-0.047574627,5661.1,0.004150629
01-01-98,106.6,0.044074437,5692.1,0.005475968
02-01-98,110.4,0.03564728,5689.9,-0.000386501
03-01-98,106.5,-0.035326087,5723.8,0.005957925
04-01-98,108.7,0.020657277,5750.3,0.004629791
05-01-98,106.5,-0.02023919,5788.1,0.00657357
06-01-98,105.6,-0.008450704,5837.9,0.00860386
07-01-98,105.2,-0.003787879,5871.7,0.005789753
08-01-98,104.4,-0.007604563,5890,0.003116644
09-01-98,100.9,-0.033524904,5925,0.005942275
10-01-98,97.4,-0.03468781,5965.6,0.006852321
11-01-98,102.7,0.054414784,5998.8,0.005565241
12-01-98,100.5,-0.021421616,6015.4,0.00276722
01-01-99,103.9,0.033830846,6070.5,0.009159823
02-01-99,108.1,0.040423484,6073.9,0.000560086
03-01-99,105.7,-0.022201665,6099.2,0.004165363
04-01-99,104.6,-0.010406812,6133,0.00554171
05-01-99,106.8,0.021032505,6199.5,0.010842981
06-01-99,107.3,0.004681648,6232.1,0.005258489
07-01-99,106,-0.012115564,6260.3,0.004524959
08-01-99,104.5,-0.014150943,6287.6,0.004360813
09-01-99,107.2,0.025837321,6331.9,0.007045614
10-01-99,103.2,-0.037313433,6386.5,0.008623004
11-01-99,107.2,0.03875969,6411.4,0.003898849
12-01-99,105.4,-0.016791045,6448.7,0.005817762
01-01-00,112,0.062618596,6541,0.014312962
02-01-00,111.3,-0.00625,6542.9,0.000290475
03-01-00,107.1,-0.037735849,6625.3,0.012593804
04-01-00,109.2,0.019607843,6686.5,0.009237318
05-01-00,110.7,0.013736264,6679.1,-0.001106708
06-01-00,106.4,-0.038843722,6709.7,0.004581456
07-01-00,108.3,0.017857143,6746.9,0.005544212
08-01-00,107.3,-0.00923361,6768.5,0.00320147
09-01-00,106.8,-0.004659832,6802.8,0.005067593
10-01-00,105.8,-0.009363296,6888.6,0.012612454
11-01-00,107.6,0.017013233,6893.8,0.00075487
12-01-00,98.4,-0.085501859,6909.8,0.002320926
01-01-01,94.7,-0.037601626,6952.2,0.006136212
02-01-01,90.6,-0.043294615,6987.4,0.005063145
03-01-01,91.5,0.009933775,7001.8,0.002060852
04-01-01,88.4,-0.033879781,6996.7,-0.000728384
05-01-01,92,0.040723982,7004.2,0.001071934
06-01-01,92.6,0.006521739,7052.8,0.006938694
07-01-01,92.4,-0.002159827,7069.7,0.002396211
08-01-01,91.5,-0.00974026,7082.3,0.001782254
09-01-01,81.8,-0.106010929,7121.7,0.005563165
10-01-01,82.7,0.011002445,7007,-0.016105705
11-01-01,83.9,0.014510278,7212.9,0.029384901
12-01-01,88.8,0.058402861,7182.3,-0.004242399
01-01-02,93,0.047297297,7166.7,-0.002172006
02-01-02,90.7,-0.024731183,7184.6,0.002497663
03-01-02,95.7,0.055126792,7225.2,0.005650976
04-01-02,93,-0.028213166,7243.4,0.002518961
05-01-02,96.9,0.041935484,7312.5,0.009539719
06-01-02,92.4,-0.046439628,7288.9,-0.00322735
07-01-02,88.1,-0.046536797,7322.5,0.004609749
08-01-02,87.6,-0.005675369,7387.3,0.008849437
09-01-02,86.1,-0.017123288,7412.6,0.003424797
10-01-02,80.6,-0.06387921,7391.5,-0.002846505
11-01-02,84.2,0.044665012,7435.2,0.005912196
12-01-02,86.7,0.029691211,7463.8,0.003846568
01-01-03,82.4,-0.049596309,7519.9,0.007516279
02-01-03,79.9,-0.030339806,7541.3,0.002845783
03-01-03,77.6,-0.028785982,7548.6,0.000968003
04-01-03,86,0.108247423,7611.5,0.008332671
05-01-03,92.1,0.070930233,7634.5,0.003021743
06-01-03,89.7,-0.026058632,7650.3,0.002069553
07-01-03,90.9,0.013377926,7699.6,0.006444192
08-01-03,89.3,-0.01760176,7757,0.007454933
09-01-03,87.7,-0.017917133,7852.1,0.012259894
10-01-03,89.6,0.021664766,7853.7,0.000203767
11-01-03,93.7,0.045758929,7867.4,0.001744401
12-01-03,92.6,-0.011739594,7922.6,0.007016295
01-01-04,103.8,0.120950324,7950.4,0.003508949
02-01-04,94.4,-0.090558767,8007.1,0.007131717
03-01-04,95.8,0.014830508,8040.4,0.004158809
04-01-04,94.2,-0.016701461,8098.8,0.00726332
05-01-04,90.2,-0.042462845,8107.2,0.001037191
06-01-04,95.6,0.059866962,8176.5,0.008547957
07-01-04,96.7,0.011506276,8157.6,-0.002311502
08-01-04,95.9,-0.008273009,8236.9,0.009720996
09-01-04,94.2,-0.017726799,8271.6,0.00421275
10-01-04,91.7,-0.026539278,8341.5,0.008450602
11-01-04,92.8,0.011995638,8397.1,0.006665468
12-01-04,97.1,0.046336207,8444.5,0.005644806
01-01-05,95.5,-0.016477858,8504.4,0.007093374
02-01-05,94.1,-0.014659686,8497.7,-0.000787827
03-01-05,92.6,-0.015940489,8559.1,0.007225485
04-01-05,87.7,-0.052915767,8598.4,0.004591604
05-01-05,86.9,-0.009122007,8678.4,0.009304057
06-01-05,96,0.104718067,8671.6,-0.000783555
07-01-05,96.5,0.005208333,8753.4,0.009433092
08-01-05,89.1,-0.076683938,8853.8,0.011469829
09-01-05,76.9,-0.136924804,8850.1,-0.0004179
10-01-05,74.2,-0.035110533,8900.4,0.005683552
11-01-05,81.6,0.099730458,8938.5,0.004280706
12-01-05,91.5,0.121323529,8946.2,0.000861442
01-01-06,91.2,-0.003278689,8981.1,0.003901098
02-01-06,86.7,-0.049342105,9071.6,0.010076717
03-01-06,88.9,0.025374856,9096,0.002689713
04-01-06,87.4,-0.016872891,9132.9,0.004056728
05-01-06,79.1,-0.094965675,9191.6,0.006427312
06-01-06,84.9,0.073324905,9231.8,0.004373558
07-01-06,84.7,-0.002355713,9259.6,0.00301133
08-01-06,82,-0.031877214,9343.8,0.009093265
09-01-06,85.4,0.041463415,9342.2,-0.000171237
10-01-06,93.6,0.096018735,9375.4,0.003553767
11-01-06,92.1,-0.016025641,9393.6,0.001941251
12-01-06,91.7,-0.004343105,9400.2,0.000702606
01-01-07,96.9,0.056706652,9488.3,0.009372141
02-01-07,91.3,-0.057791538,9538.7,0.005311805
03-01-07,88.4,-0.031763417,9566,0.002862025
04-01-07,87.1,-0.014705882,9611.7,0.004777336
05-01-07,88.3,0.013777268,9643.6,0.003318872
06-01-07,85.3,-0.033975085,9685.8,0.004375959
07-01-07,90.4,0.05978898,9706.8,0.002168122
08-01-07,83.4,-0.077433628,9751.1,0.004563811
09-01-07,83.4,0,9798.9,0.004902011
10-01-07,80.9,-0.029976019,9845.1,0.004714815
11-01-07,76.1,-0.059332509,9882.7,0.003819159
12-01-07,75.5,-0.007884363,9955.9,0.007406883
01-01-08,78.4,0.038410596,9972.8,0.001697486
02-01-08,70.8,-0.096938776,9996.4,0.002366437
03-01-08,69.5,-0.018361582,9981.7,-0.001470529
04-01-08,62.6,-0.099280576,10035.3,0.005369827
05-01-08,59.8,-0.044728435,10070.3,0.003487688
06-01-08,56.4,-0.056856187,10132.3,0.006156718
07-01-08,61.2,0.085106383,10187.1,0.005408446
08-01-08,63,0.029411765,10185.1,-0.000196327
09-01-08,70.3,0.115873016,10175.7,-0.000922917
10-01-08,57.6,-0.180654339,10116.4,-0.005827609
11-01-08,55.3,-0.039930556,10034.1,-0.008135305
12-01-08,60.1,0.086799277,9885.2,-0.014839398
01-01-09,61.2,0.018302829,9801.5,-0.008467203
02-01-09,56.3,-0.080065359,9847.2,0.004662552
03-01-09,57.3,0.017761989,9824.5,-0.002305224
04-01-09,65.1,0.136125654,9773.2,-0.00522164
05-01-09,68.7,0.055299539,9772.5,-7.16244E-05
06-01-09,70.8,0.030567686,9791.6,0.001954464
07-01-09,66,-0.06779661,9852.4,0.006209404
08-01-09,65.7,-0.004545455,9886.3,0.003440786
09-01-09,73.5,0.118721461,10004.1,0.011915479
10-01-09,70.6,-0.039455782,9927.8,-0.007626873
11-01-09,67.4,-0.045325779,9976.7,0.004925563
12-01-09,72.5,0.075667656,9985.7,0.000902102
01-01-10,74.4,0.026206897,10052.6,0.00669958
02-01-10,73.6,-0.010752688,10056.1,0.000348169
03-01-10,73.6,0,10093.4,0.003709191
04-01-10,72.2,-0.019021739,10156,0.006202073
05-01-10,73.6,0.019390582,10182.3,0.002589602
06-01-10,76,0.032608696,10210.8,0.002798975
07-01-10,67.8,-0.107894737,10231.3,0.002007678
08-01-10,68.9,0.016224189,10268.1,0.003596806
09-01-10,68.2,-0.010159652,10307.1,0.003798171
10-01-10,67.7,-0.007331378,10327.1,0.00194041
11-01-10,71.6,0.05760709,10386.4,0.005742174
12-01-10,74.5,0.040502793,10433.6,0.004544404
01-01-11,74.2,-0.004026846,10471,0.003584573
02-01-11,77.5,0.044474394,10514.3,0.004135231
03-01-11,67.5,-0.129032258,10540.6,0.002501355
04-01-11,69.8,0.034074074,10619.7,0.007504317
05-01-11,74.3,0.064469914,10652.1,0.003050934
06-01-11,71.5,-0.037685061,10672.2,0.001886952
07-01-11,63.7,-0.109090909,10694.8,0.002117651
08-01-11,55.8,-0.124018838,10731.6,0.003440925
09-01-11,59.5,0.066308244,10750.3,0.001742517
10-01-11,60.8,0.021848739,10783.2,0.00306038
11-01-11,63.7,0.047697368,10802.9,0.001826916
12-01-11,69.9,0.09733124,10806.8,0.000361014
01-01-12,75,0.072961373,10817.8,0.001017878
02-01-12,75.3,0.004,10896.8,0.007302779
03-01-12,76.2,0.011952191,10987.2,0.008296014
04-01-12,76.4,0.002624672,10993.9,0.0006098
05-01-12,79.3,0.037958115,11018.5,0.002237604
06-01-12,73.2,-0.076923077,11006.8,-0.001061851
07-01-12,72.3,-0.012295082,10989.8,-0.0015445
08-01-12,74.3,0.027662517,11016.8,0.002456824
09-01-12,78.3,0.053835801,11056,0.003558202
10-01-12,82.6,0.054916986,11105.3,0.004459117
11-01-12,82.7,0.001210654,11137.4,0.002890512
12-01-12,72.9,-0.118500605,11178.4,0.00368129
01-01-13,73.8,0.012345679,11181.2,0.000250483
02-01-13,77.6,0.051490515,11245.8,0.005777555
03-01-13,78.6,0.012886598,11282.1,0.003227872
04-01-13,76.4,-0.027989822,11268.9,-0.001169995
05-01-13,84.5,0.106020942,11259.3,-0.000851902
06-01-13,84.1,-0.004733728,11295.1,0.003179594
07-01-13,85.1,0.011890606,11318.5,0.002071695
08-01-13,82.1,-0.035252644,11346.8,0.002500331
09-01-13,77.5,-0.056029233,11376.9,0.00265273
10-01-13,73.2,-0.055483871,11413.9,0.003252204
11-01-13,75.1,0.025956284,11465.2,0.00449452
12-01-13,82.5,0.098535286,11531.3,0.005765272
01-01-14,81.2,-0.015757576,11558.6,0.002367469
02-01-14,81.6,0.004926108,11543.7,-0.001289083
03-01-14,80,-0.019607843,11615.4,0.00621118
04-01-14,84.1,0.05125,11695.2,0.00687019
05-01-14,81.9,-0.026159334,11737.4,0.003608318
06-01-14,82.5,0.007326007,11778.6,0.003510147
07-01-14,81.8,-0.008484848,11838,0.005043044
08-01-14,82.5,0.008557457,11879.2,0.003480318
09-01-14,84.6,0.025454545,11958.8,0.006700788
10-01-14,86.9,0.027186761,11964.9,0.000510085
11-01-14,88.8,0.021864212,12035.5,0.005900593
12-01-14,93.6,0.054054054,12058.4,0.001902704
01-01-15,98.1,0.048076923,12067.6,0.000762954
02-01-15,95.4,-0.027522936,12036.5,-0.002577149
03-01-15,93,-0.025157233,12083.1,0.003871557
04-01-15,95.9,0.031182796,12132.2,0.004063527
05-01-15,90.7,-0.054223149,12170.3,0.003140403
06-01-15,96.1,0.059536935,12233.6,0.005201186
07-01-15,93.1,-0.031217482,12270.3,0.002999935
08-01-15,91.9,-0.012889366,12327.5,0.004661663
09-01-15,87.2,-0.051142546,12359.3,0.002579598
10-01-15,90,0.032110092,12356.4,-0.000234641
11-01-15,91.3,0.014444444,12362.3,0.000477485
12-01-15,92.6,0.014238773,12397.5,0.002847367
01-01-16,92,-0.006479482,12432.8,0.002847348
02-01-16,91.7,-0.00326087,12452.1,0.001552345
03-01-16,91,-0.007633588,12526.3,0.005958834
04-01-16,89,-0.021978022,12506.8,-0.001556725
05-01-16,94.7,0.064044944,12586,0.006332555
06-01-16,93.5,-0.012671595,12624.4,0.003051009
07-01-16,90,-0.037433155,12701.7,0.006123063
08-01-16,89.8,-0.002222222,12720.6,0.00148799
09-01-16,91.2,0.0155902,12749.8,0.002295489
10-01-16,87.2,-0.043859649,12806.8,0.004470658
11-01-16,93.8,0.075688073,12828.1,0.001663179
12-01-16,98.2,0.046908316,12853.6,0.001987824
01-01-17,98.5,0.00305499,12962.9,0.008503454
02-01-17,96.3,-0.022335025,13015.1,0.004026877
03-01-17,96.9,0.00623053,13034.7,0.001505943
04-01-17,97,0.001031992,13089.6,0.004211835
05-01-17,97.1,0.001030928,13127.7,0.002910708
06-01-17,95,-0.021627188,13128.7,7.61748E-05
07-01-17,93.4,-0.016842105,13176.8,0.003663729
08-01-17,96.8,0.03640257,13198.3,0.001631656
09-01-17,95.1,-0.017561983,13241,0.003235265
10-01-17,100.7,0.058885384,13365.1,0.009372404
11-01-17,98.5,-0.021847071,13394.8,0.002222206
12-01-17,95.9,-0.026395939,13495.7,0.007532774
01-01-18,95.7,-0.002085506,13601.8,0.007861763
02-01-18,99.7,0.041797283,13620.1,0.00134541
03-01-18,101.4,0.017051153,13657.2,0.002723915
04-01-18,98.8,-0.025641026,13725,0.004964414
05-01-18,98,-0.008097166,13809.3,0.006142077
06-01-18,98.2,0.002040816,13872.1,0.00454766
07-01-18,97.9,-0.00305499,13912.9,0.002941155
08-01-18,96.2,-0.017364658,13962.6,0.003572224
09-01-18,100.1,0.040540541,14014.5,0.003717073
10-01-18,98.6,-0.014985015,14030.7,0.001155946
11-01-18,97.5,-0.011156187,14119.6,0.006336106
12-01-18,98.3,0.008205128,14187.8,0.004830165
01-01-19,91.2,-0.072227874,14050.6,-0.00967028
02-01-19,93.8,0.028508772,14104.4,0.003829018
03-01-19,98.4,0.049040512,14117.9,0.000957148
04-01-19,97.2,-0.012195122,14244.4,0.008960256
05-01-19,100,0.028806584,14329.3,0.005960237
06-01-19,98.2,-0.018,14372.2,0.002993866
07-01-19,98.4,0.00203666,14425.7,0.003722464
08-01-19,89.8,-0.087398374,14487.4,0.004277089
09-01-19,93.2,0.037861915,14536.4,0.003382249
10-01-19,95.5,0.024678112,14564.7,0.001946837
11-01-19,96.8,0.013612565,14607.9,0.002966076
12-01-19,99.3,0.025826446,14667.6,0.00408683
01-01-20,99.8,0.005035247,14686.3,0.001274919
02-01-20,101,0.012024048,14769.9,0.00569238
03-01-20,89.1,-0.117821782,14785.1,0.00102912
04-01-20,71.8,-0.194163861,13762.2,-0.069184517
05-01-20,72.3,0.006963788,12021.8,-0.126462339
06-01-20,78.1,0.0802213,13058.1,0.086201734
07-01-20,72.5,-0.071702945,13889.3,0.063653977
08-01-20,74.1,0.022068966,14129.2,0.017272289
09-01-20,80.4,0.085020243,14270.5,0.010000566
10-01-20,81.8,0.017412935,14481.7,0.014799762
11-01-20,76.9,-0.0599022,14546,0.004440086
12-01-20,80.7,0.049414824,14467.3,-0.005410422
01-01-21,79,-0.021065675,14389.5,-0.005377645
02-01-21,76.8,-0.027848101,14857.9,0.032551513
03-01-21,84.9,0.10546875,14699.6,-0.010654265
04-01-21,88.3,0.040047114,15458.9,0.051654467
05-01-21,82.9,-0.061155153,15618.7,0.010337087
06-01-21,85.5,0.031363088,15624.4,0.000364947
07-01-21,81.2,-0.050292398,15802,0.011366836
08-01-21,70.3,-0.134236453,15811.7,0.000613846
09-01-21,72.8,0.035561878,15966.8,0.009809192